-- phpMyAdmin SQL Dump
-- version 4.5.1
-- http://www.phpmyadmin.net
--
-- Host: localhost
-- Generation Time: Apr 24, 2019 at 01:40 AM
-- Server version: 10.1.31-MariaDB
-- PHP Version: 7.2.4

SET SQL_MODE = "NO_AUTO_VALUE_ON_ZERO";
SET time_zone = "+00:00";


/*!40101 SET @OLD_CHARACTER_SET_CLIENT=@@CHARACTER_SET_CLIENT */;
/*!40101 SET @OLD_CHARACTER_SET_RESULTS=@@CHARACTER_SET_RESULTS */;
/*!40101 SET @OLD_COLLATION_CONNECTION=@@COLLATION_CONNECTION */;
/*!40101 SET NAMES utf8mb4 */;

--
-- Database: `api`
--

-- --------------------------------------------------------

--
-- Table structure for table `migrations`
--

CREATE TABLE `migrations` (
  `id` int(10) UNSIGNED NOT NULL,
  `migration` varchar(191) COLLATE utf8mb4_unicode_ci NOT NULL,
  `batch` int(11) NOT NULL
) ENGINE=InnoDB DEFAULT CHARSET=utf8mb4 COLLATE=utf8mb4_unicode_ci;

--
-- Dumping data for table `migrations`
--

INSERT INTO `migrations` (`id`, `migration`, `batch`) VALUES
(5, '2014_10_12_000000_create_users_table', 1),
(6, '2014_10_12_100000_create_password_resets_table', 1),
(7, '2019_04_23_211952_create_products_table', 1),
(8, '2019_04_23_212040_create_reviews_table', 1);

-- --------------------------------------------------------

--
-- Table structure for table `password_resets`
--

CREATE TABLE `password_resets` (
  `email` varchar(191) COLLATE utf8mb4_unicode_ci NOT NULL,
  `token` varchar(191) COLLATE utf8mb4_unicode_ci NOT NULL,
  `created_at` timestamp NULL DEFAULT NULL
) ENGINE=InnoDB DEFAULT CHARSET=utf8mb4 COLLATE=utf8mb4_unicode_ci;

-- --------------------------------------------------------

--
-- Table structure for table `products`
--

CREATE TABLE `products` (
  `id` int(10) UNSIGNED NOT NULL,
  `name` varchar(191) COLLATE utf8mb4_unicode_ci NOT NULL,
  `detail` text COLLATE utf8mb4_unicode_ci NOT NULL,
  `price` int(11) NOT NULL,
  `stock` int(11) NOT NULL,
  `discount` int(11) NOT NULL,
  `created_at` timestamp NULL DEFAULT NULL,
  `updated_at` timestamp NULL DEFAULT NULL
) ENGINE=InnoDB DEFAULT CHARSET=utf8mb4 COLLATE=utf8mb4_unicode_ci;

--
-- Dumping data for table `products`
--

INSERT INTO `products` (`id`, `name`, `detail`, `price`, `stock`, `discount`, `created_at`, `updated_at`) VALUES
(1, 'fugiat', 'Ratione expedita et veritatis a. Quibusdam dolor commodi debitis facere vitae sapiente. Qui sunt consequatur ut officia at. Culpa amet dolorum id architecto officiis. Fugit autem et et.', 262, 2, 11, '2019-04-23 21:39:44', '2019-04-23 21:39:44'),
(2, 'laborum', 'Sed id quae ut ea recusandae dignissimos minus. Velit eligendi vitae eum et voluptas eius eaque. Nobis voluptas hic impedit similique minus.', 398, 0, 3, '2019-04-23 21:39:44', '2019-04-23 21:39:44'),
(3, 'molestiae', 'Qui omnis consequatur provident quas dignissimos iste dolorem quasi. Assumenda praesentium expedita accusantium nobis. Totam molestiae nisi qui eligendi facilis. Temporibus doloremque odit itaque a molestias qui.', 750, 2, 20, '2019-04-23 21:39:44', '2019-04-23 21:39:44'),
(4, 'quos', 'Est aperiam rerum laudantium error inventore. Saepe ipsa doloremque et maxime. In deserunt consequuntur maiores voluptate sed quod.', 636, 7, 21, '2019-04-23 21:39:44', '2019-04-23 21:39:44'),
(5, 'aut', 'Eaque aperiam est in neque ea sint sunt. Quos est dolor est excepturi aliquam minus laborum. Facilis officia dolorem iure vitae enim.', 673, 1, 15, '2019-04-23 21:39:44', '2019-04-23 21:39:44'),
(6, 'voluptas', 'Laudantium exercitationem enim eum cupiditate iusto qui. Perspiciatis architecto in et ut alias soluta sint. Repellendus eligendi facilis consequuntur quisquam in.', 925, 7, 10, '2019-04-23 21:39:44', '2019-04-23 21:39:44'),
(7, 'totam', 'Et eveniet consequuntur qui reprehenderit. Sed temporibus consequatur laborum dolores nesciunt dolores. Mollitia voluptatibus architecto sit quis error blanditiis quos.', 215, 8, 23, '2019-04-23 21:39:45', '2019-04-23 21:39:45'),
(8, 'ex', 'Et quia fugiat ducimus. Repellendus odit laborum aut rerum. At perferendis voluptas similique voluptas ut pariatur voluptatem.', 437, 5, 24, '2019-04-23 21:39:45', '2019-04-23 21:39:45'),
(9, 'iusto', 'Ducimus enim fugit enim voluptatem. Quis sint vel dolorem odio soluta. Eum aut non laborum voluptas velit recusandae dolorem.', 635, 4, 3, '2019-04-23 21:39:45', '2019-04-23 21:39:45'),
(10, 'sit', 'Sequi recusandae et sit quod quasi ducimus sint. Dolor maiores suscipit at. Assumenda ipsam voluptate ipsum consequatur temporibus. Quisquam natus inventore ad reiciendis.', 248, 5, 18, '2019-04-23 21:39:45', '2019-04-23 21:39:45'),
(11, 'possimus', 'Enim occaecati ut tempora est dolorum. Id fugit quia ullam quae. Reiciendis veritatis dicta voluptate voluptate.', 199, 3, 16, '2019-04-23 21:39:45', '2019-04-23 21:39:45'),
(12, 'consectetur', 'Veniam qui placeat dolorem sint. Natus debitis voluptatem aut delectus ut. Reiciendis ad odit ea voluptas a soluta.', 566, 5, 15, '2019-04-23 21:39:45', '2019-04-23 21:39:45'),
(13, 'hic', 'Sequi libero et enim ad. Odit rem animi corporis ut libero. Et magni sint voluptatem a facere laudantium recusandae ab.', 186, 6, 13, '2019-04-23 21:39:45', '2019-04-23 21:39:45'),
(14, 'reiciendis', 'Nam velit atque culpa corrupti recusandae. Repudiandae voluptas vero modi blanditiis minus fugit rem. Sunt molestias et aperiam et et nostrum. Similique ex eos asperiores commodi eligendi debitis.', 109, 5, 23, '2019-04-23 21:39:45', '2019-04-23 21:39:45'),
(15, 'consequatur', 'Ut aut suscipit expedita. Nihil nihil omnis et est voluptatum et delectus. Itaque non repellat laboriosam eos eius eveniet velit a.', 985, 3, 5, '2019-04-23 21:39:45', '2019-04-23 21:39:45'),
(16, 'at', 'Officiis ipsam eos quasi dolores eum quam vitae eos. Autem ut dolorem quidem dolorem. Eos optio nobis deleniti distinctio. Ipsum expedita quis ea excepturi facilis.', 402, 0, 6, '2019-04-23 21:39:45', '2019-04-23 21:39:45'),
(17, 'iste', 'Accusamus nam veniam quis. Et sint veritatis in ipsa non impedit ut quasi. In et similique provident.', 379, 8, 11, '2019-04-23 21:39:45', '2019-04-23 21:39:45'),
(18, 'libero', 'Omnis ut voluptatem hic perspiciatis ut nam doloremque. Vel rerum voluptatem sint quam eos consequuntur architecto.', 402, 7, 14, '2019-04-23 21:39:45', '2019-04-23 21:39:45'),
(19, 'placeat', 'Cupiditate explicabo maxime autem in facilis fugit omnis. Amet cum necessitatibus iure velit doloribus quia inventore unde. Id et molestias laborum aliquam repellat tempore.', 492, 9, 16, '2019-04-23 21:39:45', '2019-04-23 21:39:45'),
(20, 'harum', 'Illo assumenda et in tempora. Laboriosam quia delectus aut magni ipsam dolores. Asperiores fugiat libero sint accusantium quia.', 963, 0, 27, '2019-04-23 21:39:45', '2019-04-23 21:39:45'),
(21, 'et', 'Consequatur accusantium et laborum veritatis. Voluptatem magni dolorem hic alias eos. Omnis iure autem quia inventore aliquam id.', 329, 0, 22, '2019-04-23 21:39:45', '2019-04-23 21:39:45'),
(22, 'velit', 'Dolorem est consequatur qui fugiat dicta quaerat dolores totam. Dolore facere error quia molestias. Eaque quos id esse sit asperiores. Enim nisi reiciendis dolor ratione qui aspernatur explicabo id.', 583, 2, 6, '2019-04-23 21:39:45', '2019-04-23 21:39:45'),
(23, 'odit', 'Rerum ipsa nihil sit sint voluptates quisquam libero corporis. Est dolor quaerat non nisi. Dicta sunt omnis quia amet et harum esse. Facilis consequatur totam non veritatis necessitatibus sint rerum architecto. Quos est est quis perspiciatis.', 896, 2, 28, '2019-04-23 21:39:45', '2019-04-23 21:39:45'),
(24, 'ipsam', 'Adipisci aut placeat tempora. Soluta delectus eveniet exercitationem voluptatem consectetur. Repudiandae repellat delectus nulla nihil. Omnis voluptatem non voluptatem rem eligendi velit.', 100, 3, 28, '2019-04-23 21:39:45', '2019-04-23 21:39:45'),
(25, 'in', 'Porro aut consequuntur ad dolorum. Et corrupti ducimus animi enim. Repellat ea quisquam sit ab sit optio culpa. Ut repudiandae numquam voluptatibus ut aut voluptatem.', 224, 2, 12, '2019-04-23 21:39:45', '2019-04-23 21:39:45'),
(26, 'sint', 'Qui odio aspernatur sint architecto. Sapiente dignissimos sint quia dolores distinctio. Mollitia necessitatibus rerum assumenda in quo deserunt. Minima veniam eos sequi rerum.', 780, 1, 17, '2019-04-23 21:39:45', '2019-04-23 21:39:45'),
(27, 'occaecati', 'Odio soluta ut vel qui eveniet est eos. Numquam dolore minima fuga vel ut. Vel vero ea sit commodi dolorem tempora. Tenetur ratione ut odio aliquam nam aliquam similique.', 526, 6, 10, '2019-04-23 21:39:45', '2019-04-23 21:39:45'),
(28, 'dolore', 'Minus ratione ipsum aut iste. Iusto animi quos ut id et in excepturi facilis.', 185, 8, 8, '2019-04-23 21:39:45', '2019-04-23 21:39:45'),
(29, 'possimus', 'Excepturi maxime aspernatur tempore recusandae. Porro cumque impedit provident sunt magni a. Consequatur ut quis aspernatur minus possimus ex nesciunt.', 563, 9, 26, '2019-04-23 21:39:45', '2019-04-23 21:39:45'),
(30, 'neque', 'Perferendis omnis omnis ducimus amet et placeat. Consequuntur architecto perferendis nihil sint ullam rerum praesentium. Et corporis aut esse rerum adipisci aperiam rerum. Dicta odio quia suscipit debitis.', 311, 4, 10, '2019-04-23 21:39:45', '2019-04-23 21:39:45'),
(31, 'sit', 'Eligendi ducimus ullam magnam labore. Nihil est blanditiis aliquid est perferendis ea tenetur. Nostrum omnis id non iure sed dignissimos.', 987, 6, 15, '2019-04-23 21:39:45', '2019-04-23 21:39:45'),
(32, 'omnis', 'Aut neque ut repellendus eaque nihil aut. Ratione excepturi voluptatum nihil quis. Qui quas sunt inventore sunt aut error. Laboriosam doloremque tenetur corrupti distinctio et. Consequatur sed unde animi voluptatibus officia.', 736, 1, 13, '2019-04-23 21:39:45', '2019-04-23 21:39:45'),
(33, 'et', 'A atque voluptate iure et. Est repellendus aut voluptates earum dolorem sapiente. Quo rerum quidem aliquid amet nihil vitae ut. Error et quas animi sequi velit provident.', 283, 4, 13, '2019-04-23 21:39:46', '2019-04-23 21:39:46'),
(34, 'voluptate', 'Unde est harum eos nesciunt enim. Placeat ea suscipit nesciunt sed est debitis eaque reiciendis.', 459, 0, 26, '2019-04-23 21:39:46', '2019-04-23 21:39:46'),
(35, 'reprehenderit', 'Autem animi quam dolorem consequuntur porro amet non. Omnis nostrum enim sed non sed libero nostrum. Atque repudiandae explicabo quaerat voluptas.', 617, 5, 22, '2019-04-23 21:39:46', '2019-04-23 21:39:46'),
(36, 'itaque', 'In sapiente tempora vitae rem aut odio quo. Et blanditiis expedita nesciunt maiores. Autem qui asperiores recusandae nemo laudantium similique harum.', 508, 9, 5, '2019-04-23 21:39:46', '2019-04-23 21:39:46'),
(37, 'provident', 'Veritatis consectetur libero dolore. Non corrupti vero beatae optio occaecati. Quas aut enim et laborum.', 186, 1, 19, '2019-04-23 21:39:46', '2019-04-23 21:39:46'),
(38, 'ut', 'Alias aperiam eaque et praesentium ab. Incidunt molestias sit eum odit quasi voluptatem quia. Dolorem nemo dolores est corporis.', 314, 0, 2, '2019-04-23 21:39:46', '2019-04-23 21:39:46'),
(39, 'et', 'Unde nam rem iste tempore. Error cum asperiores iusto ut architecto occaecati culpa deserunt. Asperiores ut voluptate recusandae rem. Aut non provident accusantium sit. Cupiditate consequatur dolorem voluptatem minima quod et voluptatum similique.', 262, 1, 7, '2019-04-23 21:39:46', '2019-04-23 21:39:46'),
(40, 'ea', 'Voluptatibus est aut qui et mollitia. Incidunt harum ipsum rem consequatur occaecati dolor. Hic ad exercitationem labore ab. Aut quis et possimus quod ad eaque.', 511, 5, 30, '2019-04-23 21:39:46', '2019-04-23 21:39:46'),
(41, 'nihil', 'Natus est reiciendis autem consectetur facere perferendis. Aspernatur totam alias quia quo. Aut placeat ipsum nobis dignissimos beatae commodi. Alias tempora et nobis cum reiciendis est.', 363, 0, 29, '2019-04-23 21:39:46', '2019-04-23 21:39:46'),
(42, 'labore', 'Et sed accusamus nobis facere quam. Ea aspernatur quae et quae. Iure deserunt aliquid voluptas recusandae. Explicabo et omnis aut ea eius.', 333, 7, 9, '2019-04-23 21:39:46', '2019-04-23 21:39:46'),
(43, 'ad', 'Ad ut voluptatum et cumque iste pariatur. Veniam nam rerum sunt porro. Id nemo et deserunt est ipsum expedita cupiditate eligendi. Esse quia possimus est atque.', 391, 4, 30, '2019-04-23 21:39:46', '2019-04-23 21:39:46'),
(44, 'atque', 'Mollitia et temporibus rerum illum culpa. Fuga exercitationem ducimus explicabo quia ut. Porro qui ab nisi reiciendis aut nobis recusandae.', 332, 5, 19, '2019-04-23 21:39:46', '2019-04-23 21:39:46'),
(45, 'quo', 'Ea laboriosam nostrum tenetur occaecati eum saepe provident. Vitae ea ipsa omnis aliquid voluptatum et sint. Quia voluptatem et quibusdam labore sit consequatur velit distinctio.', 995, 8, 25, '2019-04-23 21:39:46', '2019-04-23 21:39:46'),
(46, 'laboriosam', 'In qui nemo labore tempora nam. Soluta est vel veritatis aliquid ab esse reprehenderit ad. Esse ipsa voluptatem et amet aut enim facere tempora. Odio aliquam soluta quam et.', 866, 9, 22, '2019-04-23 21:39:46', '2019-04-23 21:39:46'),
(47, 'nulla', 'Autem et quis qui quis. Non veritatis est molestiae impedit commodi quis eligendi. Dolores quam doloremque veritatis eius veniam.', 840, 4, 9, '2019-04-23 21:39:46', '2019-04-23 21:39:46'),
(48, 'modi', 'Occaecati dignissimos iste tempore nemo illo. Ab dolorum cumque hic porro sunt quo voluptatum. Ex ipsum repellendus natus et. Ad dignissimos odio est in. Nemo sunt ut aut nobis omnis.', 664, 6, 24, '2019-04-23 21:39:46', '2019-04-23 21:39:46'),
(49, 'sit', 'Ut voluptas excepturi laudantium hic in deserunt qui. Magnam voluptatem voluptas error ullam explicabo recusandae voluptate voluptatem.', 210, 2, 13, '2019-04-23 21:39:46', '2019-04-23 21:39:46'),
(50, 'voluptas', 'Rem dolor et expedita perspiciatis. Rerum excepturi voluptas et suscipit. Et vero harum laudantium veniam voluptatem cupiditate ut.', 419, 1, 6, '2019-04-23 21:39:46', '2019-04-23 21:39:46');

-- --------------------------------------------------------

--
-- Table structure for table `reviews`
--

CREATE TABLE `reviews` (
  `id` int(10) UNSIGNED NOT NULL,
  `product_id` int(10) UNSIGNED NOT NULL,
  `review` text COLLATE utf8mb4_unicode_ci NOT NULL,
  `customer` varchar(191) COLLATE utf8mb4_unicode_ci NOT NULL,
  `star` int(11) NOT NULL,
  `created_at` timestamp NULL DEFAULT NULL,
  `updated_at` timestamp NULL DEFAULT NULL
) ENGINE=InnoDB DEFAULT CHARSET=utf8mb4 COLLATE=utf8mb4_unicode_ci;

--
-- Dumping data for table `reviews`
--

INSERT INTO `reviews` (`id`, `product_id`, `review`, `customer`, `star`, `created_at`, `updated_at`) VALUES
(1, 10, 'Nemo aut iure aut aperiam omnis et. Labore tempore qui debitis ullam dolore rerum. Fugit praesentium ipsum consequatur qui esse quibusdam illo.', 'Dr. Walker Denesik I', 5, '2019-04-23 21:39:48', '2019-04-23 21:39:48'),
(2, 37, 'Et vero et ratione cumque quis mollitia. Dolor voluptatem quia aliquam provident impedit. Quo molestiae ipsum sed quasi debitis neque perferendis. Et voluptatem qui inventore.', 'Bernadette Conn', 3, '2019-04-23 21:39:48', '2019-04-23 21:39:48'),
(3, 5, 'Repudiandae incidunt molestiae veritatis nam dolores. Et beatae temporibus at et ipsa itaque. Quod aliquam ea ducimus cum.', 'Erik Gleichner', 0, '2019-04-23 21:39:48', '2019-04-23 21:39:48'),
(4, 6, 'A minus eum animi vitae odit molestias laborum. Sit ut voluptas est sit sint. Quas ratione repellendus consequatur dolores magni mollitia beatae.', 'Mckenzie Keebler', 1, '2019-04-23 21:39:48', '2019-04-23 21:39:48'),
(5, 23, 'Mollitia aut tenetur adipisci quisquam dolorem. Quasi eum odio ad quidem sint officia debitis velit. Deserunt aut magni qui rem quia vel impedit. Cum vel deserunt ipsa ipsam eligendi.', 'Raphael Murphy', 2, '2019-04-23 21:39:48', '2019-04-23 21:39:48'),
(6, 34, 'Eum rerum omnis rerum facere. Repudiandae placeat dolor dolorum. Et ut eum reiciendis enim excepturi illo.', 'Oceane Kuphal', 4, '2019-04-23 21:39:48', '2019-04-23 21:39:48'),
(7, 9, 'Minima hic dolor et harum et enim quo et. Sed sunt voluptates minus molestiae dolor. Quis esse mollitia omnis sed recusandae consequatur. Ut et optio molestiae quia quia quos autem.', 'Brittany Kertzmann III', 2, '2019-04-23 21:39:48', '2019-04-23 21:39:48'),
(8, 28, 'Repellendus alias molestias veniam qui. Et qui itaque voluptatibus animi voluptatem. Necessitatibus esse facilis qui dolor.', 'Mrs. Mikayla Medhurst I', 3, '2019-04-23 21:39:48', '2019-04-23 21:39:48'),
(9, 14, 'Consequatur quas accusantium saepe alias eligendi. Impedit a natus dolorem earum. Sed qui dicta dolorem quidem. Vero harum quia nobis.', 'Rickey Wilkinson', 3, '2019-04-23 21:39:48', '2019-04-23 21:39:48'),
(10, 6, 'Aspernatur quia aperiam doloribus tempora sed nostrum. Hic est quia cumque tenetur corporis maxime ut. Ea laboriosam aut eos sit et eos asperiores.', 'Dr. Estella Stanton', 4, '2019-04-23 21:39:48', '2019-04-23 21:39:48'),
(11, 30, 'Laborum sed dolorum atque dolor enim assumenda. Molestiae placeat ut est veniam beatae voluptatum. Illo est voluptate optio necessitatibus enim. Iste quis rerum ratione blanditiis repellendus et.', 'Friedrich Cummings', 3, '2019-04-23 21:39:48', '2019-04-23 21:39:48'),
(12, 50, 'Ea voluptate voluptas laborum eos. Doloribus sequi illum laudantium culpa. Corporis amet autem tenetur reprehenderit id.', 'Dr. Nathen D''Amore', 4, '2019-04-23 21:39:48', '2019-04-23 21:39:48'),
(13, 38, 'Incidunt est voluptas excepturi sed maxime eos ex. Deleniti et nam et voluptates. Accusantium et quae est sed. Dolorum inventore nostrum omnis quae sed enim eveniet.', 'Mr. Nikolas Runolfsdottir', 5, '2019-04-23 21:39:48', '2019-04-23 21:39:48'),
(14, 9, 'Minus ut enim tempora recusandae quas voluptatem dolorem. Alias porro dolor repellendus impedit non facilis est. Consequatur quia sed voluptatibus voluptatibus.', 'Camylle Schuppe', 5, '2019-04-23 21:39:48', '2019-04-23 21:39:48'),
(15, 33, 'Consequatur excepturi dolorem similique dolorem dignissimos sit. Eaque amet quisquam maiores praesentium. Natus omnis inventore et enim temporibus praesentium.', 'Savannah Blick', 5, '2019-04-23 21:39:48', '2019-04-23 21:39:48'),
(16, 25, 'Debitis ut placeat animi voluptate magni minima. Omnis qui ad error aut animi. Ut provident est eum et ut veritatis. Quo aut perspiciatis placeat quae enim fugit excepturi.', 'Audrey Dare', 3, '2019-04-23 21:39:48', '2019-04-23 21:39:48'),
(17, 15, 'Deleniti eum repellendus ipsum dolorem et aut vitae. A saepe enim ducimus adipisci rerum sapiente.', 'Prof. Karli Flatley', 5, '2019-04-23 21:39:48', '2019-04-23 21:39:48'),
(18, 13, 'Recusandae aspernatur modi aliquam ipsa ea ipsa veniam. Illo molestiae voluptatem ut consequatur ad consequatur velit.', 'Serenity Bode', 0, '2019-04-23 21:39:49', '2019-04-23 21:39:49'),
(19, 1, 'Qui quo odit enim ipsum. Exercitationem atque dolores et omnis nisi.', 'Jensen Bradtke', 5, '2019-04-23 21:39:49', '2019-04-23 21:39:49'),
(20, 30, 'Provident est repellendus ut ea quidem harum est. Quia architecto porro possimus. Eligendi quis eos natus cumque perspiciatis rem. Itaque dolor eveniet ut ipsum et pariatur.', 'Leola Baumbach', 2, '2019-04-23 21:39:49', '2019-04-23 21:39:49'),
(21, 24, 'Mollitia dolor voluptatem praesentium eos sunt quidem. Deleniti non perferendis occaecati eveniet odio. Dolores possimus vitae blanditiis voluptatem repudiandae rerum ex.', 'Shanon Wintheiser', 0, '2019-04-23 21:39:49', '2019-04-23 21:39:49'),
(22, 24, 'Nobis amet qui sunt et quia. Numquam tenetur et sint. Voluptatem quod quia est ab aut.', 'Caesar Boyer', 3, '2019-04-23 21:39:49', '2019-04-23 21:39:49'),
(23, 21, 'Ipsam provident nihil minima aut. Accusamus voluptate et autem velit. Reprehenderit quasi aut quasi. Magni nostrum et nostrum qui quae omnis laboriosam.', 'Rosalinda Cole', 2, '2019-04-23 21:39:49', '2019-04-23 21:39:49'),
(24, 11, 'Consequatur dolorem non quia ratione ipsam non. Aut enim doloremque et molestiae. Vel et atque expedita vel velit totam. Temporibus sit est eligendi minima.', 'Thomas Schinner', 0, '2019-04-23 21:39:49', '2019-04-23 21:39:49'),
(25, 4, 'Tempora porro veritatis earum dolorum. Exercitationem rem iste aut voluptatem ullam porro. Ut omnis corrupti ut modi.', 'Sonya Lebsack', 5, '2019-04-23 21:39:49', '2019-04-23 21:39:49'),
(26, 46, 'Laboriosam ipsam et debitis soluta assumenda. Omnis et est delectus incidunt ullam. Sit sunt amet asperiores distinctio delectus. Voluptas ullam quo inventore ea possimus.', 'Jamison Bednar I', 0, '2019-04-23 21:39:49', '2019-04-23 21:39:49'),
(27, 8, 'At officiis quaerat dolor voluptate architecto. Reprehenderit eos voluptatem vero occaecati. Officia ut a reiciendis ea expedita quo.', 'Florida Bradtke', 2, '2019-04-23 21:39:49', '2019-04-23 21:39:49'),
(28, 37, 'Non et et ipsum et. Nisi cum tempore velit quasi necessitatibus. Consequatur sed ullam sed. Asperiores molestias inventore nam quis vel laudantium consectetur ut. Odio ullam minima at ut totam ut.', 'Alana Rosenbaum', 3, '2019-04-23 21:39:49', '2019-04-23 21:39:49'),
(29, 22, 'Voluptas eius voluptates velit ut. Consequatur maxime ratione non. Voluptate et ex nisi voluptate quia voluptatem dolores.', 'Jesus Kuvalis', 5, '2019-04-23 21:39:49', '2019-04-23 21:39:49'),
(30, 3, 'Molestiae ducimus unde et. Est a placeat dolor fugit enim assumenda necessitatibus. Consequatur aut qui et aliquid temporibus numquam. Quod nihil est aut est fugit qui magni.', 'Claire Bartell', 1, '2019-04-23 21:39:49', '2019-04-23 21:39:49'),
(31, 43, 'Quod et esse quia non veniam laudantium ut commodi. Et et quisquam incidunt accusamus. Sunt libero cupiditate saepe perspiciatis quae.', 'Jacinthe Ziemann V', 5, '2019-04-23 21:39:49', '2019-04-23 21:39:49'),
(32, 37, 'Autem omnis similique velit fugit aut. Eum quaerat sunt in repellendus et et. Corrupti natus officia enim distinctio quae qui nam. Perferendis a deserunt a in.', 'Prof. Jonas Fahey DVM', 5, '2019-04-23 21:39:49', '2019-04-23 21:39:49'),
(33, 10, 'Illum minima reprehenderit qui quasi tenetur. Quae voluptate ut ipsum inventore magnam eveniet beatae. Nesciunt sint itaque iste beatae et et. Id blanditiis id et culpa est quo.', 'Prof. Lorna Dickinson', 1, '2019-04-23 21:39:49', '2019-04-23 21:39:49'),
(34, 34, 'Quia repellendus inventore aliquid similique natus. Doloremque explicabo quisquam dolorum asperiores qui.', 'Miss Adela Batz', 4, '2019-04-23 21:39:49', '2019-04-23 21:39:49'),
(35, 14, 'Magnam et sed nisi dolores magni. Mollitia iste porro rerum sit tempore non cupiditate est. Unde beatae qui eum inventore quisquam.', 'Isaac Franecki', 4, '2019-04-23 21:39:49', '2019-04-23 21:39:49'),
(36, 15, 'Quia quis culpa delectus reiciendis ratione. Doloremque saepe eos at. Incidunt fugiat voluptas omnis aliquam fugit eveniet. Blanditiis voluptate odit error amet.', 'Tatyana Hirthe', 1, '2019-04-23 21:39:49', '2019-04-23 21:39:49'),
(37, 19, 'Dolorem soluta animi dicta. Aut veritatis est aut facilis praesentium. Quia eveniet doloremque molestiae dolor. Eum occaecati atque sint animi.', 'Dr. Raleigh Cruickshank Jr.', 2, '2019-04-23 21:39:49', '2019-04-23 21:39:49'),
(38, 17, 'Occaecati voluptatem tenetur non eius vitae. Autem repudiandae qui reprehenderit placeat. Dolores voluptatem consequatur vero maiores. Ex odio modi qui aut soluta omnis doloribus aut.', 'Georgiana Smith V', 1, '2019-04-23 21:39:49', '2019-04-23 21:39:49'),
(39, 35, 'Eum sit accusamus magni corporis doloribus. Ipsum et quas qui necessitatibus est aut dolores. Sint est sed aspernatur. Ut similique saepe omnis sed et quia.', 'Felicita Luettgen', 2, '2019-04-23 21:39:49', '2019-04-23 21:39:49'),
(40, 12, 'Nihil quasi eum veritatis nobis explicabo enim. Tempora vitae quae in quas est voluptate dolores. Velit aut ipsa sit vero accusamus. Saepe corrupti dolor iure nobis rerum.', 'Kory Romaguera DVM', 4, '2019-04-23 21:39:49', '2019-04-23 21:39:49'),
(41, 2, 'A aut consequatur corporis temporibus consequuntur. Reprehenderit aut et soluta cumque pariatur. Quae omnis veniam deserunt natus voluptatibus dolore.', 'Prof. Holly Skiles IV', 0, '2019-04-23 21:39:49', '2019-04-23 21:39:49'),
(42, 3, 'Qui asperiores suscipit aut. Eius necessitatibus rerum est sapiente illo. Quo est eius minus tempora ut molestiae tenetur. Aut quia libero officiis eveniet itaque dolorem ut qui.', 'Dr. Dixie Larkin II', 0, '2019-04-23 21:39:49', '2019-04-23 21:39:49'),
(43, 23, 'Corporis quod omnis adipisci hic voluptas. Velit assumenda eum rerum beatae a tempora. Dolores sunt et at excepturi exercitationem totam sed. Quam doloribus architecto sed voluptate consequatur corporis deserunt aut.', 'Mrs. Alisa Hegmann', 3, '2019-04-23 21:39:49', '2019-04-23 21:39:49'),
(44, 25, 'Praesentium culpa sequi non sed qui. Qui maiores aliquid placeat sunt omnis. Provident molestiae doloremque facilis nihil unde. Molestias veniam accusantium ad molestiae aut inventore eum sed.', 'Victoria Schultz', 0, '2019-04-23 21:39:49', '2019-04-23 21:39:49'),
(45, 36, 'Qui a amet consectetur temporibus consectetur adipisci. Repellendus ipsum et consequatur temporibus libero quidem non. Dolor magnam eius in repellat dolorem similique reiciendis. Deleniti eveniet qui iste labore architecto nobis.', 'Darryl Dietrich', 2, '2019-04-23 21:39:50', '2019-04-23 21:39:50'),
(46, 29, 'Impedit iure nobis dolorem qui commodi omnis sapiente iusto. Aut saepe ab porro alias ullam commodi. Magni maiores mollitia vitae. Ex ut aspernatur earum sint incidunt.', 'Dr. Mollie Bailey', 3, '2019-04-23 21:39:50', '2019-04-23 21:39:50'),
(47, 18, 'Repudiandae molestiae nulla magni. Occaecati accusamus ea iure aspernatur nulla est praesentium recusandae. Qui aut mollitia quae quam sit placeat qui sunt. Excepturi maxime sit consectetur minima perferendis rerum ullam.', 'Marge Batz', 5, '2019-04-23 21:39:50', '2019-04-23 21:39:50'),
(48, 13, 'Sit voluptatibus aut voluptates. Dignissimos fugit aspernatur debitis laboriosam. Reprehenderit commodi modi accusantium quo.', 'Jakayla Kerluke', 4, '2019-04-23 21:39:50', '2019-04-23 21:39:50'),
(49, 25, 'Necessitatibus perspiciatis pariatur reiciendis saepe sunt earum et. Dolorem dolorum quia animi id repellat aut ullam. Et non itaque et libero ratione quaerat.', 'Dr. Jerrod McCullough', 0, '2019-04-23 21:39:50', '2019-04-23 21:39:50'),
(50, 31, 'Tempora nihil quia et doloremque asperiores ipsam illum maxime. Ipsa numquam quibusdam distinctio eos blanditiis.', 'Shania Gutmann', 5, '2019-04-23 21:39:50', '2019-04-23 21:39:50'),
(51, 46, 'Vitae minima occaecati dolorem est. Voluptatum doloremque fugiat neque impedit amet quis porro qui. Quo dicta officia enim officiis quis enim itaque.', 'Sydney Murazik', 5, '2019-04-23 21:39:50', '2019-04-23 21:39:50'),
(52, 48, 'Quisquam dignissimos non nulla. Mollitia velit et perspiciatis dolor labore commodi. Molestiae facilis eius iste doloribus voluptas fuga iste. Doloremque rem consequatur fugiat.', 'Joaquin Schultz DDS', 4, '2019-04-23 21:39:50', '2019-04-23 21:39:50'),
(53, 3, 'Minus repudiandae et sed repellendus eveniet illo. Possimus ut quidem sint quod eos dicta quaerat reprehenderit. Non rem et voluptas culpa ex dignissimos.', 'Maia Lowe DDS', 2, '2019-04-23 21:39:50', '2019-04-23 21:39:50'),
(54, 39, 'Voluptas est voluptatem adipisci ipsa iste in. Sit qui in autem et nemo facilis repellendus eaque. Voluptatibus est quidem tempora asperiores eum temporibus animi. Tenetur ad similique amet. Tenetur qui molestiae sapiente occaecati natus.', 'Dr. Linnea Schulist IV', 0, '2019-04-23 21:39:50', '2019-04-23 21:39:50'),
(55, 32, 'Labore cum asperiores reprehenderit veniam. Omnis ab ut animi expedita. At minus aperiam consequuntur quis mollitia aut.', 'Dr. Hettie Bogan IV', 3, '2019-04-23 21:39:50', '2019-04-23 21:39:50'),
(56, 9, 'Fuga quis id quia voluptatem dolores. Sit est sint occaecati. Quia voluptatibus aliquid quis cum cumque enim vitae. Adipisci rerum officia fugit consequatur tempora sapiente.', 'Haylie Hand', 1, '2019-04-23 21:39:50', '2019-04-23 21:39:50'),
(57, 39, 'Ullam quo autem nam sint. Ut aperiam est ad quis deserunt delectus. Illo exercitationem voluptatem accusantium enim qui quisquam. Accusantium voluptatem magni rerum nesciunt sit est dolores.', 'Lyric Corwin MD', 3, '2019-04-23 21:39:50', '2019-04-23 21:39:50'),
(58, 17, 'Et et magni sed reprehenderit libero. Atque totam quos minima illo iusto deleniti reprehenderit. Vel incidunt officiis esse ducimus non sint error velit.', 'Mrs. Caleigh Dicki', 0, '2019-04-23 21:39:50', '2019-04-23 21:39:50'),
(59, 49, 'Voluptate animi enim quam doloremque veritatis quasi. Impedit est similique officiis optio suscipit.', 'Madonna Kautzer III', 2, '2019-04-23 21:39:50', '2019-04-23 21:39:50'),
(60, 49, 'Doloremque reprehenderit suscipit quibusdam corporis. Ea quia nemo vel. Dolor sunt libero quaerat. Quos impedit dolorum distinctio sint.', 'Melany Haley', 3, '2019-04-23 21:39:50', '2019-04-23 21:39:50'),
(61, 50, 'Molestiae impedit iste corrupti aspernatur error eaque voluptate. Numquam voluptas laudantium architecto quia sit. Facere et id eum perferendis. Ut ut ad repudiandae et sint occaecati officia.', 'Prof. Jacklyn Parisian PhD', 4, '2019-04-23 21:39:50', '2019-04-23 21:39:50'),
(62, 8, 'Velit quis consequatur vero suscipit inventore laborum necessitatibus. Facere error cumque necessitatibus cumque vero illo.', 'Hershel Bogisich', 5, '2019-04-23 21:39:50', '2019-04-23 21:39:50'),
(63, 19, 'Qui et illo qui. Doloremque dolore fugiat voluptates accusantium perferendis necessitatibus odio. Nihil quidem harum expedita voluptatem sequi sit et ipsum. In quo at praesentium corrupti saepe amet eligendi.', 'Lucy Schaden', 1, '2019-04-23 21:39:50', '2019-04-23 21:39:50'),
(64, 39, 'Molestiae officia impedit ea non optio eos error. Similique qui accusantium et reprehenderit velit et. Impedit quidem et quis voluptatem assumenda in. Nihil quisquam tempore et itaque necessitatibus.', 'Peggie Jenkins DVM', 3, '2019-04-23 21:39:50', '2019-04-23 21:39:50'),
(65, 2, 'Sit cum eveniet dolores est repellendus voluptas dolore. Et recusandae molestiae sed cupiditate ex. Qui qui optio rerum dolorem dicta occaecati id. Ducimus veritatis ea expedita ipsa sed perspiciatis.', 'Dr. Bruce Ernser', 0, '2019-04-23 21:39:50', '2019-04-23 21:39:50'),
(66, 29, 'Officiis exercitationem et possimus provident voluptates et aut. Nemo ea aspernatur et quis magnam quia corporis. Fugit enim ut quia et explicabo laborum.', 'Jaleel Lueilwitz PhD', 4, '2019-04-23 21:39:50', '2019-04-23 21:39:50'),
(67, 33, 'Quo natus illo fuga perferendis voluptatibus eveniet. Aut soluta dolorem voluptatibus iusto consequatur. Et natus et enim odit occaecati.', 'Anissa Schaden', 2, '2019-04-23 21:39:50', '2019-04-23 21:39:50'),
(68, 23, 'Quidem dicta provident eum praesentium earum et. Error distinctio eos nihil laudantium molestiae. Nemo aut ea eaque nemo sed qui.', 'Maud Leffler', 1, '2019-04-23 21:39:50', '2019-04-23 21:39:50'),
(69, 16, 'Dignissimos officia voluptates nesciunt earum. Placeat doloribus nihil magni. Quia iste blanditiis sint eligendi. Earum laborum consequatur architecto numquam reprehenderit architecto.', 'Daphney Corwin', 5, '2019-04-23 21:39:50', '2019-04-23 21:39:50'),
(70, 20, 'Architecto odit sit nostrum velit. Inventore unde est vero. Non laboriosam in et asperiores et consequuntur quibusdam.', 'Ethan Farrell', 0, '2019-04-23 21:39:50', '2019-04-23 21:39:50'),
(71, 44, 'Aut veniam cum placeat officiis repellat ut aut. Eum molestias voluptatem quo amet odit quia. Consequatur et sint distinctio itaque similique nulla.', 'Fidel Ankunding III', 4, '2019-04-23 21:39:50', '2019-04-23 21:39:50'),
(72, 46, 'Mollitia voluptatem blanditiis ut officia amet at magni corrupti. Aut velit tenetur dolor magni. Deserunt iste quasi ipsam quia eum odit alias.', 'Doug Bartoletti I', 3, '2019-04-23 21:39:50', '2019-04-23 21:39:50'),
(73, 17, 'Eaque ducimus aperiam autem. Qui in exercitationem repellat ut ea sapiente aliquid quae. Rerum iste ipsum quia et praesentium quibusdam tempore. Ea nostrum est aut molestias tempora ut quo quis.', 'Nelle Thiel Sr.', 1, '2019-04-23 21:39:51', '2019-04-23 21:39:51'),
(74, 17, 'Itaque laborum sed dolores reiciendis maxime consequuntur. Quisquam iusto qui sint non. Iste suscipit aperiam quidem amet sit porro. Dolor error nihil pariatur est earum maxime nihil.', 'Austyn Hintz PhD', 5, '2019-04-23 21:39:51', '2019-04-23 21:39:51'),
(75, 9, 'A eos velit amet et. Voluptas sit maxime sit rerum odit alias architecto dicta. Expedita eveniet libero iusto quisquam repellendus odio autem est. Laudantium expedita omnis temporibus.', 'Dr. Lucile Hahn IV', 1, '2019-04-23 21:39:51', '2019-04-23 21:39:51'),
(76, 33, 'Et nobis eveniet et. Consectetur ad laboriosam dolorum iusto. In deleniti delectus nesciunt qui voluptatem molestiae. Aperiam delectus ad quia sit ex et rem eos. Explicabo aperiam non corporis.', 'Nolan Heller', 2, '2019-04-23 21:39:51', '2019-04-23 21:39:51'),
(77, 31, 'Facilis cum aperiam et aut. Alias at qui perspiciatis illo. Facilis et sunt harum. Vero est natus omnis.', 'Alexandra Leffler', 5, '2019-04-23 21:39:51', '2019-04-23 21:39:51'),
(78, 20, 'Aliquam sint molestiae quod ex. Et iusto et debitis dolorum et dolorum vero aut. Vitae nobis fugiat praesentium. Qui tempore molestias asperiores blanditiis earum voluptatem.', 'Buddy Hane', 2, '2019-04-23 21:39:51', '2019-04-23 21:39:51'),
(79, 3, 'Vel sint magni sunt ipsum debitis. Ducimus neque sequi soluta soluta est sequi velit. Molestiae atque et dignissimos corporis eos.', 'Dr. Beau Hayes PhD', 4, '2019-04-23 21:39:51', '2019-04-23 21:39:51'),
(80, 21, 'Placeat molestiae sint occaecati aut quo quasi accusantium. Nihil rerum modi aliquam illo. Quae cum exercitationem blanditiis hic earum ex.', 'Miss Maegan Zboncak', 4, '2019-04-23 21:39:51', '2019-04-23 21:39:51'),
(81, 3, 'Omnis sed explicabo id esse. Iste dicta harum quis quia aut. Eligendi eum numquam temporibus labore. Atque odit corporis ducimus quo.', 'William Feeney', 4, '2019-04-23 21:39:51', '2019-04-23 21:39:51'),
(82, 4, 'Nihil voluptas impedit porro saepe cupiditate aliquid tempore. Autem blanditiis delectus in rerum et quod maiores ab. Odit et magni sit voluptas veritatis placeat. Doloribus quam rem et nesciunt.', 'Kristin Marks', 5, '2019-04-23 21:39:51', '2019-04-23 21:39:51'),
(83, 37, 'Sunt voluptas nulla sit ipsam est dignissimos cum. Nemo aspernatur molestias illum et molestiae nihil. Id maiores debitis temporibus reprehenderit ullam. Aspernatur sed molestiae totam sed omnis ea.', 'Dr. Eladio Leannon', 3, '2019-04-23 21:39:51', '2019-04-23 21:39:51'),
(84, 26, 'Aut sapiente facere aut possimus id. Ut voluptatibus praesentium ex voluptatem ut. Temporibus eum voluptatem officiis cumque architecto. Inventore saepe expedita vero at maxime. Dolores dolorem nobis iste in earum.', 'Remington Dare', 2, '2019-04-23 21:39:51', '2019-04-23 21:39:51'),
(85, 34, 'Beatae aut eum non delectus. Qui sed esse dolore voluptas blanditiis. Molestiae voluptate aut laborum molestiae. Nemo esse sint nihil ad mollitia a rem qui.', 'Dr. Alex Walsh IV', 2, '2019-04-23 21:39:51', '2019-04-23 21:39:51'),
(86, 5, 'Et maiores atque ut mollitia. Ut aut perferendis dolor velit. Sapiente ab ducimus reprehenderit consequatur consequatur numquam. Et non odio et qui deserunt qui necessitatibus culpa.', 'Delpha Stoltenberg V', 2, '2019-04-23 21:39:51', '2019-04-23 21:39:51'),
(87, 5, 'Non explicabo vitae non sequi. Ut at ut iure. Aliquam sequi fugiat facere repudiandae consequatur.', 'Annamarie Gulgowski', 4, '2019-04-23 21:39:51', '2019-04-23 21:39:51'),
(88, 12, 'Eum aspernatur aut eligendi doloribus dolores velit. Voluptatem necessitatibus dolores incidunt rem totam accusantium non. Facilis porro et libero et. Dolorem dolorem sint quae molestiae architecto rerum. Et deleniti atque dolorem culpa dolor.', 'Aniyah Mayer', 5, '2019-04-23 21:39:51', '2019-04-23 21:39:51'),
(89, 45, 'Quasi dolores iusto ipsam ut aliquid. Sed est sunt est ipsam necessitatibus inventore et magni. Iste perspiciatis velit enim at vel blanditiis. Id sapiente nam qui et est.', 'Virgil Nolan', 2, '2019-04-23 21:39:51', '2019-04-23 21:39:51'),
(90, 3, 'Enim fugiat esse eius sit. Est amet unde error voluptas incidunt et beatae nesciunt. Corporis beatae aut sunt aut accusamus unde.', 'Marques Fisher', 1, '2019-04-23 21:39:51', '2019-04-23 21:39:51'),
(91, 49, 'Et quia aspernatur sit sunt. Ea iure nemo assumenda ea. Eum iure ipsum ab a iste in non. Ea magni molestiae consequuntur et maiores doloremque.', 'Mrs. Annette Hermiston', 2, '2019-04-23 21:39:51', '2019-04-23 21:39:51'),
(92, 5, 'Pariatur aut accusantium odit explicabo minus voluptatem at quo. Corrupti doloremque quibusdam atque aut. Non voluptates aut reprehenderit id dolores quae. Sunt sint debitis tenetur vel molestiae odit velit incidunt.', 'Ezra Kertzmann', 2, '2019-04-23 21:39:51', '2019-04-23 21:39:51'),
(93, 29, 'Et laudantium ut incidunt praesentium nemo nostrum aut. Quas cum ut saepe distinctio. Fugiat omnis at quis sint amet nulla. Impedit omnis totam illo sed eaque nisi et.', 'Dr. Duncan Rau', 2, '2019-04-23 21:39:51', '2019-04-23 21:39:51'),
(94, 34, 'Voluptatum eum hic nobis perspiciatis qui nam. Omnis enim consequatur numquam ex iste est. Dolorem illum dolores quo consequatur qui.', 'Kevon Armstrong', 4, '2019-04-23 21:39:51', '2019-04-23 21:39:51'),
(95, 38, 'Quisquam rerum veritatis qui autem modi. Ut qui qui id ex. Officiis ratione blanditiis reiciendis accusamus adipisci. Delectus officia deleniti et consequatur rerum.', 'Hellen Yost', 3, '2019-04-23 21:39:51', '2019-04-23 21:39:51'),
(96, 39, 'Omnis alias ut quam dignissimos dolorem. Ipsam enim in repudiandae vitae amet. Sed amet aspernatur maiores eum.', 'Roel McGlynn Jr.', 2, '2019-04-23 21:39:51', '2019-04-23 21:39:51'),
(97, 36, 'Cupiditate ipsa hic ut ut occaecati distinctio. Sint sit similique earum ipsa iusto dolorem pariatur. Nam rerum qui omnis sed dolor vel. Quaerat animi blanditiis doloribus nihil.', 'Mr. Solon Emard DDS', 1, '2019-04-23 21:39:51', '2019-04-23 21:39:51'),
(98, 20, 'Quas impedit ut illum doloribus eos. Asperiores autem voluptatum sunt quo id eius. Doloribus enim error et perferendis molestiae repellendus ut. Ullam aliquam cumque quia magnam sint earum dolorum.', 'Bianka Williamson', 3, '2019-04-23 21:39:51', '2019-04-23 21:39:51'),
(99, 6, 'Dolore laboriosam velit qui dolorem quia culpa asperiores. Non et est fuga vel sequi perspiciatis porro.', 'Daren Wiegand', 4, '2019-04-23 21:39:51', '2019-04-23 21:39:51'),
(100, 15, 'Qui at quidem vel ea vel et saepe. In itaque ipsa quia voluptate.', 'Prof. Tracey Kertzmann DDS', 1, '2019-04-23 21:39:51', '2019-04-23 21:39:51'),
(101, 25, 'Quo recusandae qui aut dolores. Atque laboriosam sit aliquam ut cumque aspernatur aut repudiandae.', 'Jolie Schuppe', 5, '2019-04-23 21:39:51', '2019-04-23 21:39:51'),
(102, 17, 'Maxime cumque ex qui sint et. Porro ab reprehenderit ab explicabo cum minus alias. Minima aut in et accusamus cumque in.', 'Vincenzo Williamson', 4, '2019-04-23 21:39:51', '2019-04-23 21:39:51'),
(103, 19, 'Impedit est minus reiciendis tenetur optio. Illo vitae id molestias optio libero.', 'Agustina Metz', 4, '2019-04-23 21:39:51', '2019-04-23 21:39:51'),
(104, 3, 'Aspernatur corrupti velit iusto et. Facilis nobis magni eveniet fugiat. Amet alias et quia qui non. Quibusdam laborum corrupti fuga sint.', 'Alphonso Bernhard', 2, '2019-04-23 21:39:51', '2019-04-23 21:39:51'),
(105, 18, 'Architecto totam quis vero in. Nostrum nemo in laboriosam. Voluptatibus fugiat ut rerum odit esse pariatur fugiat. Occaecati officiis sit recusandae.', 'Mr. Art Huels III', 3, '2019-04-23 21:39:51', '2019-04-23 21:39:51'),
(106, 46, 'Amet non veniam pariatur rerum et beatae. Nesciunt non odit quibusdam. Est velit est hic omnis. Deserunt et laudantium doloribus maxime repellendus.', 'Dr. Reva Rogahn II', 5, '2019-04-23 21:39:51', '2019-04-23 21:39:51'),
(107, 18, 'Exercitationem ut omnis ea commodi veniam. Ab cumque vel libero earum. Totam perferendis iste eligendi totam et.', 'Gage Pfannerstill', 4, '2019-04-23 21:39:51', '2019-04-23 21:39:51'),
(108, 9, 'Explicabo voluptatum soluta veritatis asperiores ipsum quidem. Consequatur eveniet animi assumenda nam veritatis quo et. Commodi aut repellendus molestiae. Libero alias soluta est unde aliquam assumenda illum.', 'Prof. Arely Labadie DVM', 4, '2019-04-23 21:39:52', '2019-04-23 21:39:52'),
(109, 9, 'Eum vero aspernatur quae voluptate molestiae. Consequatur reprehenderit ut rem aliquam dolorum. Laborum at deleniti tempore laborum. Et nisi facilis voluptate dolore minima impedit consequatur.', 'Susan Hagenes', 3, '2019-04-23 21:39:52', '2019-04-23 21:39:52'),
(110, 10, 'Rerum vel corporis aut. Nesciunt explicabo consequatur est eius. Eum consectetur adipisci qui sunt tempora mollitia porro. Est nisi eligendi est.', 'Kenyatta Lowe', 1, '2019-04-23 21:39:52', '2019-04-23 21:39:52'),
(111, 32, 'Voluptatem voluptatum iusto doloribus rem quo quis. Id nemo doloribus hic eligendi quis nam atque sequi. Autem aspernatur aut fugit aliquid doloribus sed. Molestiae quidem voluptatem aut dolor aut.', 'Eulah Gaylord', 3, '2019-04-23 21:39:52', '2019-04-23 21:39:52'),
(112, 34, 'Aut soluta ut numquam aliquid est labore qui. Quas voluptatem facilis aliquid fuga vitae sit non.', 'Cassandre Zboncak', 5, '2019-04-23 21:39:52', '2019-04-23 21:39:52'),
(113, 26, 'Rem nihil eum minus consequatur. In eos distinctio quo expedita voluptatibus omnis aut. Animi aspernatur quos quo deleniti et et et. Molestiae similique hic ut enim quo.', 'Dr. Jacinto O''Reilly PhD', 3, '2019-04-23 21:39:52', '2019-04-23 21:39:52'),
(114, 46, 'Voluptas non repellat est consequatur placeat consectetur. Atque iure ea recusandae nisi. Magnam autem dolores laudantium quasi laboriosam.', 'Mr. Chet Spencer III', 5, '2019-04-23 21:39:52', '2019-04-23 21:39:52'),
(115, 4, 'Exercitationem et nulla ut minus voluptatibus. Dolorum provident sapiente non similique aperiam. Ut et ea ipsum rerum ipsa.', 'Mr. Gavin Runolfsdottir', 2, '2019-04-23 21:39:52', '2019-04-23 21:39:52'),
(116, 8, 'Suscipit aut consequatur soluta est laudantium ipsa nam. Quia voluptas impedit harum qui minima odit.', 'Dr. Jamey Dibbert PhD', 1, '2019-04-23 21:39:52', '2019-04-23 21:39:52'),
(117, 1, 'Voluptates quisquam aut quos cumque reiciendis voluptate debitis. Consequatur nisi sunt labore sapiente repellat. Nam ipsum quidem rerum cumque quas.', 'Prof. Arlo Goldner IV', 3, '2019-04-23 21:39:52', '2019-04-23 21:39:52'),
(118, 5, 'Est iure similique deserunt nobis. Deleniti mollitia rerum et nisi omnis. Omnis excepturi quia suscipit. Sint veritatis odio dignissimos vitae doloribus.', 'Felicity Kemmer', 2, '2019-04-23 21:39:52', '2019-04-23 21:39:52'),
(119, 38, 'Consequatur cupiditate tempora facilis ut beatae excepturi delectus. Nam rem nobis et debitis quos adipisci a. Aspernatur praesentium facere ut reiciendis.', 'Melvina Weimann', 5, '2019-04-23 21:39:52', '2019-04-23 21:39:52'),
(120, 9, 'Blanditiis rerum et est sit aut. Incidunt ea quo laudantium ipsam occaecati nisi eius. Hic eius maxime sed omnis adipisci fugiat. Maxime omnis quibusdam sit veniam cumque. Ipsa enim doloremque est a dolorem.', 'Ms. Roxane Lebsack V', 1, '2019-04-23 21:39:52', '2019-04-23 21:39:52'),
(121, 34, 'Aut consequatur aperiam corrupti quam ab in. Quae voluptas qui sit voluptates asperiores non. Accusantium quos nobis rerum corporis impedit veniam. Quos qui id eveniet vel odio assumenda ut. Molestiae iste aut perspiciatis.', 'Dustin Altenwerth III', 1, '2019-04-23 21:39:52', '2019-04-23 21:39:52'),
(122, 10, 'In quaerat optio quia impedit maxime asperiores nemo. Eveniet magnam non deleniti illum dolor asperiores ipsum. Qui ad quasi explicabo eos quia totam omnis quo.', 'Viola Fadel III', 3, '2019-04-23 21:39:52', '2019-04-23 21:39:52'),
(123, 5, 'Esse totam suscipit deserunt doloremque. Quis cupiditate repellat voluptates consequatur sequi et. Ab ipsam qui magni et ut enim sequi tempore.', 'Bartholome Gulgowski', 5, '2019-04-23 21:39:52', '2019-04-23 21:39:52'),
(124, 34, 'Voluptates vel velit culpa atque. Non laborum et quod sapiente sit. Dolorem voluptas tempore quisquam commodi quia et.', 'Norwood Zieme', 2, '2019-04-23 21:39:52', '2019-04-23 21:39:52'),
(125, 32, 'Harum asperiores asperiores iste facere ea facere qui sequi. Facere in nihil tempora facilis asperiores qui. Voluptatum non odio rerum necessitatibus sequi. Et facilis consequatur voluptas.', 'Lew Gerhold', 1, '2019-04-23 21:39:52', '2019-04-23 21:39:52'),
(126, 17, 'Ullam corporis sunt recusandae et ab. Vel in et culpa ut. Rerum eum eaque alias alias sequi cumque qui.', 'Ms. Kaci Heaney II', 0, '2019-04-23 21:39:52', '2019-04-23 21:39:52'),
(127, 35, 'Qui laborum et ratione in repellendus quidem. Voluptas aperiam libero iure qui ipsam cumque odit. Itaque rerum voluptatibus aspernatur impedit eum ut. Molestiae harum sit quisquam dolores eum ea dolor ea.', 'Tomasa Auer', 5, '2019-04-23 21:39:52', '2019-04-23 21:39:52'),
(128, 15, 'Sit consequuntur repellat velit nisi autem. Eum sint ex quidem totam occaecati itaque ipsam possimus. Molestias delectus assumenda nostrum suscipit. Itaque aliquid placeat quod similique.', 'Jany Pouros', 2, '2019-04-23 21:39:52', '2019-04-23 21:39:52'),
(129, 4, 'Consequatur iusto non adipisci. Quo voluptas eum fugit perferendis ut. Aut fugit deserunt omnis repellat.', 'Eino Pouros II', 4, '2019-04-23 21:39:52', '2019-04-23 21:39:52'),
(130, 13, 'Distinctio qui reprehenderit quis voluptates dolorem vel id. Numquam voluptatibus et veritatis dolorem. Eos omnis dolorem sit voluptas voluptatem dicta enim. Explicabo doloribus nostrum consequatur et quod.', 'Mr. Mateo Wuckert DVM', 3, '2019-04-23 21:39:52', '2019-04-23 21:39:52'),
(131, 21, 'Quia quisquam occaecati et atque. Quidem velit repellendus consectetur enim recusandae. Quas suscipit voluptas facere sed et. Maiores qui pariatur ut quis.', 'Lavon Skiles', 2, '2019-04-23 21:39:52', '2019-04-23 21:39:52'),
(132, 34, 'Quo non et nemo eum. Eum reiciendis ex ut voluptatum.', 'Prof. Trey Cartwright', 0, '2019-04-23 21:39:52', '2019-04-23 21:39:52'),
(133, 46, 'Molestiae laboriosam excepturi est commodi dolorum et. Sapiente qui aut voluptas quia velit nihil est ratione. Sit dolores ratione aut hic vel. Aut aut sit fuga et id corrupti consequuntur.', 'Mallie Skiles', 1, '2019-04-23 21:39:52', '2019-04-23 21:39:52'),
(134, 29, 'Eos qui voluptatem sit excepturi sunt. Et molestiae facilis vel corrupti tenetur excepturi mollitia error. Perferendis amet qui distinctio.', 'Gennaro Weber', 0, '2019-04-23 21:39:52', '2019-04-23 21:39:52'),
(135, 1, 'Alias eum possimus dolore reprehenderit soluta ut iusto. Blanditiis numquam dicta debitis a. Ducimus sapiente ad qui saepe est quis voluptatem possimus. Autem consequatur iusto earum totam ex.', 'Milan Jaskolski', 2, '2019-04-23 21:39:52', '2019-04-23 21:39:52'),
(136, 39, 'Modi eligendi et animi voluptatem commodi porro. Ratione rerum rem tempora nobis voluptatem voluptatum. Nesciunt suscipit distinctio labore qui voluptas qui tempora possimus. Ut sed voluptas aut sequi quos similique odio.', 'Rowland Halvorson', 4, '2019-04-23 21:39:52', '2019-04-23 21:39:52'),
(137, 15, 'Quam tenetur id quibusdam et. Unde sit architecto facilis odit harum perspiciatis. Mollitia odio quia ipsum corrupti voluptas exercitationem totam.', 'Everardo Nader', 3, '2019-04-23 21:39:52', '2019-04-23 21:39:52'),
(138, 34, 'Ratione maiores reprehenderit asperiores perspiciatis animi. Vero vel totam tenetur. Ab similique suscipit culpa quia quaerat laborum et ullam. Fugiat nam porro officiis expedita.', 'Murray Hessel', 4, '2019-04-23 21:39:52', '2019-04-23 21:39:52'),
(139, 20, 'Molestiae quo temporibus nemo aperiam non adipisci. Quos esse quidem cumque explicabo facilis veniam. Minima enim ut quae.', 'Prof. Genesis Goldner IV', 1, '2019-04-23 21:39:52', '2019-04-23 21:39:52'),
(140, 29, 'Ipsum at maiores magni non ea. Eos reiciendis recusandae dolorem occaecati. Voluptas ea explicabo occaecati in harum necessitatibus voluptatum. Cupiditate natus totam qui eum voluptatem.', 'Royce Lynch', 3, '2019-04-23 21:39:52', '2019-04-23 21:39:52'),
(141, 42, 'Perferendis aliquid ducimus voluptatibus quo at eos hic incidunt. Fugiat qui autem quo molestiae et et. Soluta consequatur ratione eligendi fugiat. Molestiae ea modi porro dolorum dolorem. Inventore qui excepturi laboriosam modi illum aut.', 'Jasper Lockman', 2, '2019-04-23 21:39:52', '2019-04-23 21:39:52'),
(142, 2, 'Sint provident architecto cum est adipisci occaecati. Animi qui veritatis fugit iure quibusdam. Et voluptates ut modi cupiditate. Quis unde corporis consequuntur nemo incidunt aut doloribus.', 'Gaetano Predovic', 3, '2019-04-23 21:39:52', '2019-04-23 21:39:52'),
(143, 12, 'Maiores possimus voluptatem maiores cumque quia. Aliquid ut odio dignissimos incidunt omnis. Dolor soluta rerum voluptas. Ullam vel vel velit adipisci sed autem omnis.', 'Delpha Wuckert', 3, '2019-04-23 21:39:52', '2019-04-23 21:39:52'),
(144, 20, 'In ut tenetur dolores repellat aut quaerat sequi. Rerum consequatur labore est vel saepe. Ipsa quasi sequi velit ut laborum eveniet totam. Eaque et in doloremque ea corrupti.', 'Boris Mosciski', 4, '2019-04-23 21:39:53', '2019-04-23 21:39:53'),
(145, 33, 'Reprehenderit voluptatum in ratione omnis quis provident. Amet perspiciatis ipsa omnis ad. Illo quisquam nam sint quia.', 'Dr. Gerald Schmidt', 4, '2019-04-23 21:39:53', '2019-04-23 21:39:53'),
(146, 14, 'Corrupti architecto non omnis delectus. Cumque qui laudantium voluptatem quo vel unde quisquam. Numquam amet magnam quia est. Et suscipit quia at. Asperiores nobis cupiditate nihil reprehenderit voluptas.', 'Nona Hoppe Sr.', 4, '2019-04-23 21:39:53', '2019-04-23 21:39:53'),
(147, 42, 'Porro excepturi inventore voluptas est quaerat ipsum. Consequatur est dicta qui. Animi qui magnam voluptatem voluptates.', 'Anika Glover', 2, '2019-04-23 21:39:53', '2019-04-23 21:39:53'),
(148, 3, 'Optio non alias debitis sunt expedita est. Quo sed recusandae aliquid. Distinctio nostrum eos repudiandae quia.', 'Prof. Nash Ziemann', 1, '2019-04-23 21:39:53', '2019-04-23 21:39:53'),
(149, 24, 'Reprehenderit est magnam voluptatum minima debitis ut. Voluptatibus saepe ipsum neque.', 'Maurine Heaney Sr.', 3, '2019-04-23 21:39:53', '2019-04-23 21:39:53'),
(150, 5, 'Voluptatum praesentium pariatur ut odit alias dolorum. Sint expedita explicabo in explicabo. Et id doloribus mollitia ex non.', 'Miss Muriel Hane', 1, '2019-04-23 21:39:53', '2019-04-23 21:39:53'),
(151, 20, 'Nihil possimus molestiae et. Corrupti aut quae non et ea sunt. Atque ea labore occaecati consequatur inventore voluptas magnam. Modi est nesciunt perspiciatis quia sint.', 'Mr. Abraham Harris', 2, '2019-04-23 21:39:53', '2019-04-23 21:39:53'),
(152, 30, 'Quas aliquid cumque molestias qui debitis culpa molestiae. Omnis cum qui quas facere dolore. Vel voluptatum et iusto fugiat. Aperiam quae consequatur sint non ea fugiat.', 'Dr. Nicolas Green', 4, '2019-04-23 21:39:53', '2019-04-23 21:39:53'),
(153, 5, 'Dolores similique ratione eaque id. Voluptas minus voluptatum molestiae modi quam. Dolorem nisi temporibus sit.', 'Clinton Medhurst', 5, '2019-04-23 21:39:53', '2019-04-23 21:39:53'),
(154, 50, 'Asperiores molestias itaque et nam voluptates dolorem. Quia qui natus consequatur porro provident voluptatem. Laboriosam qui quia et doloremque. Et quidem facilis labore sunt voluptate possimus atque.', 'Evan Ledner', 3, '2019-04-23 21:39:53', '2019-04-23 21:39:53'),
(155, 12, 'Repudiandae suscipit aliquid ea ut. Eum laborum temporibus sit impedit et voluptatem deleniti. Aut velit tempora libero assumenda accusantium laborum. Doloremque occaecati facilis incidunt laboriosam aut voluptate.', 'Carmen Sporer', 2, '2019-04-23 21:39:53', '2019-04-23 21:39:53'),
(156, 17, 'Odio at natus et eligendi voluptatem temporibus. Ea iure accusamus tempora et. Perferendis voluptatum repellendus dolorum suscipit debitis quia. Voluptatem est blanditiis ut deleniti ab sapiente.', 'Colby Johns', 0, '2019-04-23 21:39:53', '2019-04-23 21:39:53'),
(157, 49, 'Voluptates debitis maiores officia doloribus in est temporibus. Ab amet magni a ullam corporis. Ipsa officia debitis quidem qui. Doloribus blanditiis delectus quod illum voluptatem voluptatum.', 'Dr. Hanna Fay Sr.', 4, '2019-04-23 21:39:53', '2019-04-23 21:39:53'),
(158, 12, 'Rerum non illum nobis alias non aut. Consequatur maxime est est blanditiis ipsa facere. Nisi corrupti sed vel magni et quibusdam minus.', 'Carlos Rice', 1, '2019-04-23 21:39:53', '2019-04-23 21:39:53'),
(159, 39, 'Natus perspiciatis quia iure cupiditate suscipit. Repudiandae ut quos officiis et voluptatem magni voluptatem sequi. Exercitationem ut provident molestiae impedit. Quas voluptatum qui quia eum.', 'Ursula Stanton', 5, '2019-04-23 21:39:53', '2019-04-23 21:39:53'),
(160, 44, 'Fugit aut eius ea nihil et et omnis ut. Placeat suscipit vitae autem laudantium est ut corporis.', 'Iva Franecki', 5, '2019-04-23 21:39:53', '2019-04-23 21:39:53'),
(161, 45, 'Ab et qui est. Similique vel consequuntur recusandae id sequi. Amet ullam nisi consectetur facere sit est. Architecto numquam possimus consequatur quas accusantium consequatur distinctio cumque. Tempore dolor ab omnis praesentium accusamus.', 'Marian Turcotte', 1, '2019-04-23 21:39:53', '2019-04-23 21:39:53'),
(162, 48, 'Illum molestiae distinctio sit optio non omnis distinctio. Consequatur temporibus corrupti perspiciatis soluta rerum velit quia. Saepe repudiandae veritatis nihil veritatis pariatur. Sit odit magni vero sed eius et distinctio. Ratione ut accusantium non aliquid.', 'Aida Schmeler', 5, '2019-04-23 21:39:53', '2019-04-23 21:39:53'),
(163, 14, 'Provident eum quisquam excepturi qui. Quis quasi non suscipit. Illo voluptates corporis veritatis eius.', 'Theresia Willms', 2, '2019-04-23 21:39:53', '2019-04-23 21:39:53'),
(164, 49, 'Reiciendis ut rem id sequi omnis rerum voluptas rem. Excepturi aliquid et in est. Corporis quia earum ratione et sequi qui.', 'Alessandro Feil', 5, '2019-04-23 21:39:53', '2019-04-23 21:39:53'),
(165, 47, 'Est qui vel nobis est sit illo ab. Laborum ipsam libero aliquam magni commodi aut. Accusamus tempore consectetur eveniet deserunt deserunt quam laudantium. Aut suscipit sequi unde eaque.', 'Prof. Teresa Dooley IV', 4, '2019-04-23 21:39:53', '2019-04-23 21:39:53'),
(166, 29, 'Soluta nemo architecto itaque ab. Necessitatibus magni ratione nesciunt voluptatum et asperiores est. Ipsam voluptatem est quidem voluptatem. Adipisci illo id similique voluptatem praesentium ducimus.', 'Dr. Dale Langworth Jr.', 1, '2019-04-23 21:39:53', '2019-04-23 21:39:53'),
(167, 7, 'Omnis iste dolores odit dolore. Voluptas iste deleniti hic rerum eum aperiam. Animi sit assumenda voluptas ea.', 'Itzel Murphy', 3, '2019-04-23 21:39:53', '2019-04-23 21:39:53'),
(168, 1, 'Voluptatum autem consequatur aspernatur hic ipsa et. Itaque porro numquam aliquam. Laborum ut ipsa neque ipsam. Vero quo consequatur ullam dolor dolorem architecto.', 'Nick Durgan', 1, '2019-04-23 21:39:53', '2019-04-23 21:39:53'),
(169, 14, 'Qui nobis accusamus voluptas aut ducimus repellat quibusdam. Ut quae distinctio quo omnis qui molestias.', 'Mrs. Cassie Hansen', 4, '2019-04-23 21:39:53', '2019-04-23 21:39:53'),
(170, 45, 'Vel hic maxime vero officiis nisi aliquid eum. Eaque est minima voluptatum nihil.', 'Kurtis Collier', 3, '2019-04-23 21:39:53', '2019-04-23 21:39:53'),
(171, 12, 'Occaecati pariatur et cumque optio excepturi. Explicabo aut quos repudiandae in dolor dolor veritatis. Omnis aliquam cumque voluptatibus adipisci suscipit.', 'Obie Treutel', 1, '2019-04-23 21:39:53', '2019-04-23 21:39:53'),
(172, 6, 'Aut placeat saepe impedit praesentium dolorem. Ut est libero corrupti consequuntur voluptatem ut officiis quis. Id est voluptatibus beatae.', 'Karina Dibbert', 4, '2019-04-23 21:39:53', '2019-04-23 21:39:53'),
(173, 48, 'Qui cupiditate illo temporibus et excepturi cumque. Dolor tempore et vel accusantium. Quae omnis est et repudiandae. Qui est totam voluptas voluptatum quo.', 'Lela Lehner', 1, '2019-04-23 21:39:53', '2019-04-23 21:39:53'),
(174, 2, 'Modi mollitia labore libero impedit quaerat. Itaque nisi quis facilis. Voluptate aut doloremque sed. Doloribus pariatur dolores nihil odio. Atque ullam voluptatem est commodi voluptatem.', 'Mr. Ignatius Rogahn', 4, '2019-04-23 21:39:53', '2019-04-23 21:39:53'),
(175, 49, 'Eaque tenetur laboriosam aliquam modi voluptates quaerat. Porro et error commodi doloremque. Totam quos ut ipsa illo commodi.', 'Dr. Adonis Considine', 0, '2019-04-23 21:39:53', '2019-04-23 21:39:53'),
(176, 50, 'Qui cumque facilis quasi ab dignissimos quis. Nemo et hic sunt doloribus. Id quis consectetur est hic commodi. Ut quas dolorem et libero voluptatibus eveniet.', 'Lessie Muller', 5, '2019-04-23 21:39:53', '2019-04-23 21:39:53'),
(177, 28, 'Error labore enim et earum est et. Rerum magni optio unde et inventore dicta. Odio quis est ipsam quia eos nesciunt sit excepturi.', 'Mr. Santos Ondricka I', 4, '2019-04-23 21:39:53', '2019-04-23 21:39:53'),
(178, 21, 'Debitis ad sit consequuntur repudiandae suscipit. Laudantium occaecati magni velit ut velit. Adipisci consequuntur tempore omnis qui alias.', 'Mrs. Trisha Daugherty', 3, '2019-04-23 21:39:53', '2019-04-23 21:39:53'),
(179, 4, 'Et beatae enim voluptate voluptate esse dolorum hic minus. Est non laboriosam nostrum optio odio ducimus. Voluptatibus dolorem accusantium consequatur et.', 'Anissa Mitchell', 3, '2019-04-23 21:39:54', '2019-04-23 21:39:54'),
(180, 2, 'Harum enim voluptatibus voluptate nesciunt enim vel voluptates. Sequi sequi et necessitatibus porro dolorem qui voluptate. Est repudiandae est dicta quia. Quia est molestiae voluptatum voluptate delectus voluptas quia.', 'Kaia Stokes', 2, '2019-04-23 21:39:54', '2019-04-23 21:39:54'),
(181, 4, 'Iusto doloremque error sint assumenda vitae nesciunt. Adipisci consequuntur minima voluptas a quo qui. Dolorem neque et eveniet molestias ducimus consectetur at. Sit quis nihil et et.', 'Armand Buckridge', 0, '2019-04-23 21:39:54', '2019-04-23 21:39:54'),
(182, 32, 'Dolorem dolorem est deleniti mollitia qui quia ipsam occaecati. Recusandae et odio corporis fugiat consectetur minima. Labore tenetur cupiditate mollitia et culpa nisi. Qui aut non beatae deserunt non repellendus.', 'Dr. Donnie Dibbert', 4, '2019-04-23 21:39:54', '2019-04-23 21:39:54'),
(183, 14, 'Quaerat sed qui ratione tenetur unde qui tempora. Facere voluptas minus labore repellat vero. Corporis magni laudantium sint sapiente. Et recusandae enim vel necessitatibus dolore inventore.', 'Mr. Gust Beier', 3, '2019-04-23 21:39:54', '2019-04-23 21:39:54'),
(184, 22, 'Facere autem praesentium ut porro quam. Veniam consequuntur dolores neque velit quia et placeat. Temporibus iusto vel quisquam exercitationem nesciunt consectetur est. Voluptas non voluptatem veniam numquam quo suscipit.', 'Ezekiel Schinner', 0, '2019-04-23 21:39:54', '2019-04-23 21:39:54'),
(185, 27, 'Corrupti officiis natus distinctio quasi quo quis voluptatem. Tempora id repellat dolorem voluptas quas vel in. Alias doloremque a facere. Consequatur temporibus id aliquid occaecati. Similique quasi sequi quas et assumenda suscipit.', 'Larissa Collins', 0, '2019-04-23 21:39:54', '2019-04-23 21:39:54'),
(186, 25, 'Optio optio reiciendis est modi a est. Voluptatibus neque recusandae deserunt non molestiae quia.', 'Grant Schroeder Jr.', 1, '2019-04-23 21:39:54', '2019-04-23 21:39:54'),
(187, 40, 'Nobis ut dolorum quia commodi minima. Fugit voluptatem perspiciatis consequatur qui. Totam natus quia rerum eius. Id consectetur vel laboriosam dolores.', 'Justice Lind', 3, '2019-04-23 21:39:54', '2019-04-23 21:39:54'),
(188, 50, 'Omnis aliquam fugiat sunt sit quibusdam sequi. Aut velit beatae eveniet aliquam provident tempore cum. Odio alias consequuntur voluptate officia. Nihil ut omnis et voluptatem fugit est deserunt.', 'Deon Harris Sr.', 1, '2019-04-23 21:39:54', '2019-04-23 21:39:54'),
(189, 40, 'Suscipit laudantium beatae sit. Minima placeat ut velit. Quidem libero dolor quia ipsam cumque assumenda porro. Ut non qui consequatur dolorum saepe. Modi qui excepturi et est.', 'Mrs. Polly Rutherford Sr.', 4, '2019-04-23 21:39:54', '2019-04-23 21:39:54'),
(190, 27, 'Cum rerum ut a porro maiores. Vel dolorem incidunt consequatur sit necessitatibus amet rem totam. Voluptatem amet mollitia quisquam et laborum quidem reiciendis. Magni soluta modi qui qui magnam iusto quo.', 'Tomasa Donnelly', 4, '2019-04-23 21:39:54', '2019-04-23 21:39:54'),
(191, 32, 'Fugiat ipsum itaque nisi nihil vel. Dolorem odio ipsa voluptatem quo magni.', 'Garfield Little', 2, '2019-04-23 21:39:54', '2019-04-23 21:39:54'),
(192, 33, 'Omnis pariatur voluptatem consequatur quam et. In consequuntur quo aut quos debitis tempore asperiores et. Consequatur distinctio quidem quos. Sed repellat quidem fuga fugiat repellat amet nihil.', 'Sarah Murray MD', 2, '2019-04-23 21:39:54', '2019-04-23 21:39:54'),
(193, 46, 'Tempora vero delectus fugit praesentium doloremque ut nemo. Dolor ea nobis impedit amet tenetur quia. Ipsum at a aperiam odio voluptatibus dolor neque enim. Dolore reprehenderit molestias atque quae nisi quaerat inventore dolores.', 'Ila Ziemann II', 1, '2019-04-23 21:39:54', '2019-04-23 21:39:54'),
(194, 24, 'Soluta et laudantium ipsa blanditiis. Dolorum incidunt fugiat incidunt sapiente aspernatur et. Distinctio debitis ex velit et nemo.', 'Brigitte Boehm', 3, '2019-04-23 21:39:54', '2019-04-23 21:39:54'),
(195, 16, 'Nam aperiam laudantium at accusamus mollitia est. Saepe velit porro qui laborum. Vel quia eligendi quia. Iure aperiam quas quae iste animi illum.', 'Estell Prohaska', 0, '2019-04-23 21:39:54', '2019-04-23 21:39:54'),
(196, 24, 'Magni voluptatem minima veniam sit tempora necessitatibus consequuntur. Veniam natus ratione nisi impedit. Vel laudantium iusto ea quae. Et deleniti omnis debitis culpa voluptas placeat eligendi voluptatum.', 'Rhoda Ritchie', 0, '2019-04-23 21:39:54', '2019-04-23 21:39:54'),
(197, 1, 'Sapiente sequi cumque dolorem ut. Laborum ipsa minus ea deserunt quod recusandae eligendi. Ea soluta iusto non non necessitatibus et consequatur.', 'Odell Pfeffer', 5, '2019-04-23 21:39:54', '2019-04-23 21:39:54'),
(198, 2, 'Alias fugit iusto dolores recusandae in. Facilis beatae in iusto. Rerum voluptas omnis soluta vero. Et nemo quisquam mollitia et eaque quia incidunt.', 'Dayton Cruickshank', 0, '2019-04-23 21:39:54', '2019-04-23 21:39:54'),
(199, 5, 'Porro qui nisi rem minus sit alias recusandae eum. Et ipsa necessitatibus eveniet neque modi voluptatum quo. Recusandae unde nisi quo velit. Modi suscipit quia blanditiis voluptatem.', 'Mrs. Aylin Wiegand II', 3, '2019-04-23 21:39:54', '2019-04-23 21:39:54'),
(200, 13, 'Sed voluptatem a pariatur quo minima qui. Sit tempore facilis reprehenderit at consequatur aliquam. Et consequatur et aut rerum qui. Aut modi iusto tenetur sint veritatis.', 'Brandi Pouros', 0, '2019-04-23 21:39:54', '2019-04-23 21:39:54'),
(201, 22, 'Ut molestiae sit reprehenderit repellat asperiores. Maxime quo magnam cupiditate culpa earum sapiente. Delectus incidunt quo enim fugiat iure. Et autem sunt omnis debitis quia.', 'Kyleigh Schinner', 4, '2019-04-23 21:39:54', '2019-04-23 21:39:54'),
(202, 7, 'Quam quia alias adipisci saepe dolor. Fugiat corrupti assumenda ut quisquam. Esse molestiae dolorem ducimus et suscipit deserunt. Et rem consequuntur error iure.', 'Freeman Parker', 0, '2019-04-23 21:39:54', '2019-04-23 21:39:54'),
(203, 14, 'Ullam rem labore ut esse dolores earum. Quasi magni enim repellendus vero laboriosam. Doloribus ullam debitis nesciunt aspernatur qui mollitia. Quia dolorum nesciunt deserunt incidunt.', 'Jerry Koelpin MD', 0, '2019-04-23 21:39:54', '2019-04-23 21:39:54'),
(204, 33, 'Eos fugit deserunt repellat doloremque autem non impedit. Et eaque aspernatur quae. Ea quis est quisquam minima.', 'Ivah Pacocha V', 1, '2019-04-23 21:39:54', '2019-04-23 21:39:54'),
(205, 48, 'Est in quam perspiciatis sunt quia ipsa voluptatem. Sequi ipsam et distinctio temporibus ipsam sequi deserunt qui. Deleniti eligendi voluptate vel voluptatum.', 'Elliott Halvorson II', 4, '2019-04-23 21:39:54', '2019-04-23 21:39:54'),
(206, 24, 'Quibusdam fugiat et ipsam temporibus. Voluptatum id qui mollitia ratione error ab. Perferendis vero ex illum iste. Ipsam modi veritatis totam saepe quae et. Rerum animi consectetur et pariatur dolores recusandae sequi.', 'Christine Armstrong Sr.', 4, '2019-04-23 21:39:54', '2019-04-23 21:39:54'),
(207, 9, 'Et et qui omnis eligendi corrupti temporibus. Omnis explicabo ipsa dignissimos quis eum placeat minus. Iusto quia est fuga ut.', 'Jeanette Kessler', 1, '2019-04-23 21:39:54', '2019-04-23 21:39:54'),
(208, 41, 'Voluptas delectus tempore distinctio dolore sint. Sint ab velit eos saepe. Mollitia non architecto eum blanditiis neque voluptatibus numquam facilis.', 'Prof. Brant Goodwin', 3, '2019-04-23 21:39:54', '2019-04-23 21:39:54');
INSERT INTO `reviews` (`id`, `product_id`, `review`, `customer`, `star`, `created_at`, `updated_at`) VALUES
(209, 31, 'Sapiente aut aspernatur reprehenderit voluptates rem. Nisi velit repellendus soluta dolorum eos. Incidunt ipsa voluptatem voluptatem.', 'Christian Padberg Sr.', 5, '2019-04-23 21:39:54', '2019-04-23 21:39:54'),
(210, 17, 'Consectetur harum est nihil fuga. Nihil sed laboriosam soluta occaecati animi. Qui consequatur nobis quaerat ipsa ut saepe consectetur.', 'Carlos Borer PhD', 0, '2019-04-23 21:39:54', '2019-04-23 21:39:54'),
(211, 23, 'Eos dolores aspernatur vitae. Ea in sit dolorum quo hic dolorum. Vero ad ut est quam perspiciatis totam doloribus beatae. Qui qui ab dignissimos error.', 'Geo Gerlach', 1, '2019-04-23 21:39:54', '2019-04-23 21:39:54'),
(212, 15, 'Reprehenderit dignissimos consequatur consequuntur voluptates. Eius quaerat aliquid voluptate atque cum harum. Voluptates hic dolor sit aliquam ut labore est. Repellat sapiente qui est.', 'Ismael Johnston', 3, '2019-04-23 21:39:54', '2019-04-23 21:39:54'),
(213, 33, 'Sit cupiditate facilis labore sit officiis velit aut delectus. Architecto qui voluptatum sunt rem doloribus blanditiis rerum eligendi.', 'Prof. Brooks Hansen', 3, '2019-04-23 21:39:54', '2019-04-23 21:39:54'),
(214, 26, 'Quaerat nostrum voluptas et blanditiis voluptas consequuntur. Quia vero qui labore est esse. Sunt fugiat tempora nulla id voluptas. Dolores harum nulla magnam magnam et dolorem.', 'Hassie Dickinson', 0, '2019-04-23 21:39:55', '2019-04-23 21:39:55'),
(215, 5, 'Veritatis nam nam excepturi inventore ut. Eaque doloribus cumque earum aperiam. Accusantium modi fugiat sunt quia eius. Sit quisquam molestiae rem.', 'Prof. Malinda Bernier', 4, '2019-04-23 21:39:55', '2019-04-23 21:39:55'),
(216, 34, 'Omnis architecto minus enim cupiditate qui nesciunt. Animi aliquid placeat veniam harum nam.', 'Antonette Gleichner', 4, '2019-04-23 21:39:55', '2019-04-23 21:39:55'),
(217, 6, 'Et quidem ea deleniti placeat qui. Nisi ipsum deserunt aut consequuntur laudantium. Voluptatem facere illum repellendus officia.', 'Donny Roberts', 4, '2019-04-23 21:39:55', '2019-04-23 21:39:55'),
(218, 2, 'Ex perferendis non dolores quod. Inventore laudantium ea quidem ipsa ea voluptatem quisquam. Dignissimos vero iure autem quos. Omnis corporis iusto esse dolorem voluptatem quod.', 'Caitlyn Paucek', 0, '2019-04-23 21:39:55', '2019-04-23 21:39:55'),
(219, 26, 'Accusamus ab maxime ducimus non. Consequatur blanditiis veniam dolorem architecto corrupti consequatur. Culpa voluptas ut necessitatibus numquam qui odit.', 'Grant Effertz', 5, '2019-04-23 21:39:55', '2019-04-23 21:39:55'),
(220, 17, 'Dolorem et ut eos. Aperiam hic perferendis sequi debitis amet id in. Assumenda qui nostrum ut qui ut saepe voluptatem. Sint dolores non voluptatum earum quis quo sit.', 'Prof. Russ Koelpin PhD', 2, '2019-04-23 21:39:55', '2019-04-23 21:39:55'),
(221, 24, 'Et molestiae adipisci odit aut quia pariatur ut. Voluptas numquam magnam voluptatem hic ipsum non ea. Perferendis nulla vel ea ab molestias.', 'Nadia Sipes', 0, '2019-04-23 21:39:55', '2019-04-23 21:39:55'),
(222, 35, 'Voluptatem voluptatem et vitae nisi sunt repellat. Eveniet voluptatem sed odio quae fugiat. Facere numquam consequatur cumque enim quos et.', 'Catherine Graham', 5, '2019-04-23 21:39:55', '2019-04-23 21:39:55'),
(223, 38, 'Qui ipsa illum hic dolor aut distinctio corporis consequatur. Et esse dignissimos aut veniam. Et nihil et aut qui sint.', 'Prof. Lazaro Casper DDS', 2, '2019-04-23 21:39:55', '2019-04-23 21:39:55'),
(224, 44, 'Expedita dignissimos sed aut accusantium labore sed dolores. Quia rerum et totam et. Ut est itaque commodi corrupti.', 'Payton Connelly', 2, '2019-04-23 21:39:55', '2019-04-23 21:39:55'),
(225, 17, 'Error ut qui numquam rerum ut. Fugit culpa rem voluptatem. Commodi error nulla sequi explicabo qui.', 'Rolando Morar', 0, '2019-04-23 21:39:55', '2019-04-23 21:39:55'),
(226, 49, 'Temporibus reiciendis itaque at sed consequatur. Quasi dicta unde ut et laboriosam eum. Nemo maxime ad velit officia.', 'Elsie Wintheiser', 2, '2019-04-23 21:39:55', '2019-04-23 21:39:55'),
(227, 2, 'Dolorem dolorem consequuntur architecto et iure dolorum labore. Modi autem repellendus voluptatibus sed nihil. Placeat aut repellendus voluptas perferendis rerum perspiciatis dolores qui.', 'Herminio Jast', 5, '2019-04-23 21:39:55', '2019-04-23 21:39:55'),
(228, 13, 'Consequatur minus perspiciatis laboriosam repudiandae nihil non veniam. Expedita quo at sapiente autem maxime quibusdam explicabo dolores. Magni et vel eius dolores quia.', 'Narciso Little', 4, '2019-04-23 21:39:55', '2019-04-23 21:39:55'),
(229, 13, 'Voluptatem ipsum necessitatibus incidunt culpa doloribus. Et eligendi ut eum illo et atque alias molestias. Incidunt voluptatem autem deserunt provident ducimus fugit ducimus aut. Reprehenderit eius omnis quia est id magni dolores.', 'Berta Abbott DDS', 4, '2019-04-23 21:39:55', '2019-04-23 21:39:55'),
(230, 45, 'Enim animi voluptas enim sit explicabo. Rerum temporibus aut aut accusantium magnam animi esse. Dolorem rerum non praesentium sed autem quisquam. Nihil nesciunt culpa nam harum aliquid rerum.', 'Raven Friesen', 5, '2019-04-23 21:39:55', '2019-04-23 21:39:55'),
(231, 30, 'Iure nihil consequuntur nihil repellendus amet fuga. Ipsam quibusdam dolores rerum explicabo rerum fugit. Voluptatem aut porro accusamus et veritatis. Quam est neque iusto ipsam.', 'Kailee Price', 3, '2019-04-23 21:39:55', '2019-04-23 21:39:55'),
(232, 14, 'Ut excepturi beatae omnis cum repellendus quas nemo. Dolorum consequatur itaque voluptatum qui. Ipsum fugit ducimus ut dolorem ut tenetur. Et mollitia sed eum sit corrupti accusamus aperiam.', 'Dr. Ramiro Pouros II', 4, '2019-04-23 21:39:55', '2019-04-23 21:39:55'),
(233, 43, 'Numquam nam nisi suscipit minima dolorum consequatur officia. Voluptate quia animi maxime. Quia non velit in est officia ipsum.', 'Fermin Kuhic', 5, '2019-04-23 21:39:55', '2019-04-23 21:39:55'),
(234, 19, 'Alias voluptate rem quo dolor. Nisi consequatur fuga vitae beatae voluptas exercitationem voluptas. Sunt impedit quia omnis ipsa velit quas quo.', 'Alfred Smitham', 2, '2019-04-23 21:39:55', '2019-04-23 21:39:55'),
(235, 49, 'Aliquid officiis id minus nisi tempore. Soluta consequatur ut perspiciatis ullam iste illo officia eaque. Incidunt voluptatem assumenda dolor cum alias earum omnis qui. Est et est voluptate voluptate maiores perferendis saepe.', 'Mrs. Kaycee Mante', 4, '2019-04-23 21:39:55', '2019-04-23 21:39:55'),
(236, 17, 'Suscipit dolorem occaecati ad. Accusantium sit dolor dolores aliquam. Ipsam officiis laborum provident dolorum. Recusandae repellat deserunt accusantium explicabo id consequuntur neque ut.', 'Shanon Hermann', 2, '2019-04-23 21:39:55', '2019-04-23 21:39:55'),
(237, 30, 'Quis omnis quibusdam hic. Voluptas sed nihil ipsum nihil voluptatem. Ipsa est eius eos voluptates ut. Incidunt aut et vel voluptatibus.', 'Dr. Cedrick Smith MD', 4, '2019-04-23 21:39:55', '2019-04-23 21:39:55'),
(238, 24, 'Quo et voluptatem veniam nihil quidem velit commodi. Qui qui rem sequi eos. Velit sequi sint et expedita modi ut. Eos quo omnis quibusdam illo quia placeat optio.', 'Prof. Judd Dicki', 4, '2019-04-23 21:39:55', '2019-04-23 21:39:55'),
(239, 42, 'Qui repellat soluta velit voluptas molestiae. Ratione ullam ex voluptatem dolor explicabo ea excepturi ullam. Impedit quasi aut fuga numquam velit magnam non.', 'Tatyana Bogan IV', 0, '2019-04-23 21:39:55', '2019-04-23 21:39:55'),
(240, 35, 'Molestiae assumenda laudantium quisquam. Asperiores velit mollitia qui amet nam. Ad sunt in facere atque.', 'Dr. Jett Howell I', 5, '2019-04-23 21:39:55', '2019-04-23 21:39:55'),
(241, 5, 'Distinctio quam quia minus nulla corrupti earum mollitia dicta. Autem provident minus consectetur exercitationem.', 'Ms. Audrey Schaden IV', 4, '2019-04-23 21:39:55', '2019-04-23 21:39:55'),
(242, 16, 'Autem culpa cum aut voluptate. Non ea non eos voluptatem impedit ut voluptas. Reprehenderit molestias nisi fugiat consequatur. Aut doloremque nihil similique neque autem ut nisi.', 'Lennie Rogahn I', 4, '2019-04-23 21:39:56', '2019-04-23 21:39:56'),
(243, 21, 'Reprehenderit voluptas odit magni architecto. Doloribus error iusto illo voluptas exercitationem aliquid rerum. Voluptas vel nesciunt officia quia quas quas. Temporibus molestias quod voluptatem.', 'Mr. Dorthy Torphy', 3, '2019-04-23 21:39:56', '2019-04-23 21:39:56'),
(244, 13, 'Quibusdam debitis soluta omnis fuga magni nemo. Autem fugiat consequatur omnis hic facilis neque occaecati. Magnam culpa facere ut ea.', 'Dr. Orville Schuster MD', 3, '2019-04-23 21:39:56', '2019-04-23 21:39:56'),
(245, 50, 'Facilis repellendus et voluptatem unde nostrum. Ducimus rerum ipsum consectetur voluptatibus sint quod repudiandae.', 'Prof. Trevion Kub Jr.', 5, '2019-04-23 21:39:56', '2019-04-23 21:39:56'),
(246, 25, 'Quos est explicabo vel rerum aperiam dolor. Nobis et consequatur et numquam eveniet placeat et consequuntur. Qui est rerum rerum laboriosam ea dolores.', 'Lexus Hickle', 2, '2019-04-23 21:39:56', '2019-04-23 21:39:56'),
(247, 4, 'Voluptas sunt excepturi qui neque aliquam. In rerum officia aut optio. Id itaque qui nemo omnis qui. Sint distinctio esse voluptates veritatis. Molestiae molestiae ab eveniet impedit molestias est.', 'Prof. Jarrett Okuneva III', 4, '2019-04-23 21:39:56', '2019-04-23 21:39:56'),
(248, 28, 'Voluptas tempore repellendus aut. Repellat consequatur sed nostrum consequatur ea. Non dolor tenetur quia et. Ab sit nesciunt repellat autem quia ut mollitia exercitationem.', 'Anahi Gulgowski', 5, '2019-04-23 21:39:56', '2019-04-23 21:39:56'),
(249, 15, 'Rem tempore aliquam est autem dicta voluptate ullam. Sed cupiditate ipsum qui quaerat repellat. Perferendis saepe dolorem inventore omnis deserunt soluta quas. Saepe quaerat reprehenderit esse est deleniti. Quod aut quisquam quia consequatur natus ea.', 'Rhiannon Kuhic', 0, '2019-04-23 21:39:56', '2019-04-23 21:39:56'),
(250, 17, 'Sequi aut aut commodi aliquam dicta voluptatem nulla. Et autem ex voluptates voluptatem. Dolorem tempore est dolor delectus dolorem dolores.', 'Mr. Bradley Kozey IV', 0, '2019-04-23 21:39:56', '2019-04-23 21:39:56'),
(251, 26, 'Impedit deleniti minus sunt quos. Et id vel consectetur vero error. Est voluptas repudiandae eveniet aut quod voluptatum libero.', 'Dr. Johnathan Hauck V', 5, '2019-04-23 21:39:56', '2019-04-23 21:39:56'),
(252, 41, 'Aut totam repellendus cum iusto ratione non. Laborum ut voluptatem eos culpa. Natus quam similique natus minus possimus. Doloremque fugiat dolor deleniti animi labore. Esse nemo ipsum modi facere.', 'Miss Euna Lakin', 5, '2019-04-23 21:39:56', '2019-04-23 21:39:56'),
(253, 13, 'Suscipit beatae est explicabo ipsam dignissimos. Omnis dignissimos voluptas consequatur facere. Velit libero repellat illum vitae.', 'Dr. Micaela Balistreri DDS', 3, '2019-04-23 21:39:56', '2019-04-23 21:39:56'),
(254, 32, 'Repellat cupiditate quos eos eaque placeat sit nam quo. Dolor quaerat eos dolorem accusantium. Doloremque maxime placeat iure mollitia necessitatibus.', 'Susana Lakin DDS', 2, '2019-04-23 21:39:56', '2019-04-23 21:39:56'),
(255, 8, 'Beatae fugiat eos molestiae cumque sed aut. Amet rerum sed aut omnis molestiae.', 'Luciano Kuphal V', 1, '2019-04-23 21:39:56', '2019-04-23 21:39:56'),
(256, 4, 'Debitis cum fugit rerum animi. Nulla ullam minus amet voluptates. Fugit id non quidem veritatis placeat doloremque non ducimus. Ut molestias non consequatur ipsam reprehenderit est ipsa.', 'Alf Bosco', 1, '2019-04-23 21:39:56', '2019-04-23 21:39:56'),
(257, 43, 'Inventore et voluptatibus dolor ut. Odit enim ut sed dicta non et. Est sed eum incidunt. Ipsum aperiam delectus facilis excepturi aut labore quo sed. Minima dolores vel sit in animi a.', 'Ms. Norene Von', 0, '2019-04-23 21:39:56', '2019-04-23 21:39:56'),
(258, 1, 'Ab adipisci reprehenderit sapiente error optio quia. Nobis alias sed consectetur similique quaerat similique. Earum quia consequatur dolor quidem voluptatibus non.', 'Tatum Homenick', 4, '2019-04-23 21:39:56', '2019-04-23 21:39:56'),
(259, 5, 'Qui optio enim temporibus laudantium harum quod quibusdam labore. Consequatur voluptatibus consequatur tempore iste et. Aut id qui id harum repellat fuga animi.', 'Madalyn Lesch', 5, '2019-04-23 21:39:56', '2019-04-23 21:39:56'),
(260, 27, 'Facere eos et unde aut et odit voluptatem. Iusto officia sint et ut non doloremque perspiciatis. Repellendus alias nesciunt non est at ut voluptatem.', 'Randal Schultz', 2, '2019-04-23 21:39:56', '2019-04-23 21:39:56'),
(261, 1, 'Doloremque et suscipit est rerum. Vero provident reprehenderit at. Odit perspiciatis est labore. Laboriosam id eligendi optio labore.', 'Brown Moore', 4, '2019-04-23 21:39:56', '2019-04-23 21:39:56'),
(262, 15, 'Harum nemo voluptatem veniam est similique saepe. Doloribus itaque ducimus voluptas omnis. Accusamus beatae consequatur consequatur quo et non et.', 'Kamron Gerhold', 5, '2019-04-23 21:39:56', '2019-04-23 21:39:56'),
(263, 13, 'Odit et saepe est sunt aliquam. Ab sint necessitatibus aut qui alias. Sed ut quidem perspiciatis perferendis quia blanditiis rerum assumenda. Voluptatibus omnis ipsam cum quod.', 'Pietro Bednar', 4, '2019-04-23 21:39:56', '2019-04-23 21:39:56'),
(264, 37, 'Nisi magni aperiam velit. Voluptate at veritatis qui. Officiis alias et quibusdam consectetur laudantium quos exercitationem nihil. Facilis asperiores sed fuga porro sapiente autem et praesentium. Eos corrupti vitae molestias reprehenderit quo possimus accusamus.', 'Vanessa Hartmann MD', 0, '2019-04-23 21:39:56', '2019-04-23 21:39:56'),
(265, 45, 'Et veniam sequi sint similique. Illum quo tenetur tempore qui nulla tenetur.', 'Herminio Witting PhD', 0, '2019-04-23 21:39:56', '2019-04-23 21:39:56'),
(266, 16, 'Dolore molestias dolor quisquam quisquam et et ducimus. Excepturi sunt repellat sint similique cumque incidunt. Delectus dolorem officia quia et soluta tempora aut. Expedita deleniti a et.', 'Nash Bernier', 3, '2019-04-23 21:39:56', '2019-04-23 21:39:56'),
(267, 37, 'Ullam at quaerat illum aut. Quia aut rem vel enim. Molestiae expedita quia saepe. Rerum et qui omnis vero ut fugiat optio.', 'Mrs. Araceli Krajcik III', 2, '2019-04-23 21:39:56', '2019-04-23 21:39:56'),
(268, 37, 'Pariatur recusandae omnis laudantium nostrum quod. Ducimus expedita rerum tempora fugiat non rerum. Consequuntur sunt aspernatur consequuntur at placeat in enim cupiditate. Aut nisi libero error beatae ut similique eum.', 'Cyril Davis III', 0, '2019-04-23 21:39:56', '2019-04-23 21:39:56'),
(269, 21, 'Voluptatibus aut praesentium dolores iure quas. Ratione omnis recusandae perspiciatis nam excepturi provident nihil. Iure sint ut et ut. Veritatis vel eos sequi tempora qui error. Consequatur fugit laborum iste ut tempore a.', 'Gideon Swift', 4, '2019-04-23 21:39:56', '2019-04-23 21:39:56'),
(270, 50, 'Qui occaecati nisi ratione at nulla tempore fuga. Itaque autem voluptatem quia doloribus sit. Et aut magni ut voluptatem quasi molestiae id.', 'Tyrell Grimes', 5, '2019-04-23 21:39:56', '2019-04-23 21:39:56'),
(271, 18, 'Ea aut non repellendus vel enim veritatis. Exercitationem illum quia vel ipsum accusantium inventore. Harum facere illum suscipit sed voluptas veniam.', 'Dominic Kovacek III', 4, '2019-04-23 21:39:56', '2019-04-23 21:39:56'),
(272, 39, 'Facilis tenetur quo omnis voluptas voluptatum eos. Quae vero quisquam aut. Nesciunt ipsum commodi iure tenetur sequi cum explicabo fugit. Quisquam dolor ipsum et libero.', 'Ramon Windler', 5, '2019-04-23 21:39:56', '2019-04-23 21:39:56'),
(273, 17, 'Sit quo asperiores et minima. Unde quis cumque maxime recusandae perspiciatis culpa.', 'Mr. Jamie Yundt DDS', 4, '2019-04-23 21:39:56', '2019-04-23 21:39:56'),
(274, 11, 'Consectetur asperiores ut quaerat. Voluptates sapiente quisquam officia quia.', 'Isidro Dickens IV', 5, '2019-04-23 21:39:56', '2019-04-23 21:39:56'),
(275, 47, 'Sunt nihil ratione omnis et. Vel ducimus ipsa voluptas. Qui voluptates cupiditate delectus et consequatur alias. Commodi dolor necessitatibus ipsa laudantium rem velit.', 'Dr. Bobby Homenick Sr.', 3, '2019-04-23 21:39:57', '2019-04-23 21:39:57'),
(276, 43, 'Vel eum consectetur repudiandae nisi quo nulla illum blanditiis. Similique est asperiores incidunt dolorum. Aut dolorum vel qui ipsa.', 'Mrs. Tatyana Harvey DVM', 2, '2019-04-23 21:39:57', '2019-04-23 21:39:57'),
(277, 49, 'Et in ut aliquam rem id. Quia error similique est eum nostrum voluptatibus aut et. Velit quibusdam et aut reprehenderit.', 'Grady Zieme', 4, '2019-04-23 21:39:57', '2019-04-23 21:39:57'),
(278, 26, 'Mollitia ipsum fugit est impedit architecto. Et et quis corrupti velit facilis ex. Optio facere consectetur et ut repellendus nemo. Delectus deleniti ea repellendus fugit amet facere.', 'Dr. Elmer Medhurst Jr.', 1, '2019-04-23 21:39:57', '2019-04-23 21:39:57'),
(279, 44, 'Magni illo voluptates aperiam est. Sed est non iure ducimus modi.', 'Dr. Skylar Huel', 5, '2019-04-23 21:39:57', '2019-04-23 21:39:57'),
(280, 23, 'Illo ut eveniet ullam soluta. Impedit accusantium quia placeat sapiente ex voluptatem. Accusamus necessitatibus molestias aliquid iure. Nam eos et nostrum.', 'Keyshawn Mohr', 4, '2019-04-23 21:39:57', '2019-04-23 21:39:57'),
(281, 1, 'Provident aliquid quas ab quisquam repudiandae. Rem labore molestiae perspiciatis maiores. Rerum doloremque quasi quidem inventore inventore minima qui. In nostrum sed at in.', 'Allison Kulas', 3, '2019-04-23 21:39:57', '2019-04-23 21:39:57'),
(282, 35, 'Rerum blanditiis ea enim cumque quia. Blanditiis rem qui quis tempore excepturi enim. Reprehenderit et quia iusto non quod hic. Omnis eum sint laborum pariatur illum sunt assumenda.', 'Jeremy White II', 3, '2019-04-23 21:39:57', '2019-04-23 21:39:57'),
(283, 23, 'Accusamus nisi maiores voluptatibus harum. Illo assumenda est vel occaecati numquam. Aliquid aliquam qui quam consequuntur. Possimus accusantium natus quis neque nihil magni. Laboriosam iusto natus voluptas aliquid.', 'Mr. Willis Kuvalis', 5, '2019-04-23 21:39:57', '2019-04-23 21:39:57'),
(284, 21, 'Nulla neque mollitia sint dolor amet. Commodi consequatur distinctio qui. Est sed eos id quae. Explicabo blanditiis reiciendis nostrum aut quos. Et enim soluta consequuntur aperiam.', 'Kayleigh Kuhlman', 0, '2019-04-23 21:39:57', '2019-04-23 21:39:57'),
(285, 28, 'Voluptatem dolorem velit sequi ex voluptas. Et est id adipisci reprehenderit eaque et. Commodi quod expedita delectus rerum dolor odio. Molestiae ducimus magni consequatur voluptatibus. Odit voluptatem vel eveniet et.', 'Lenore Lind', 1, '2019-04-23 21:39:57', '2019-04-23 21:39:57'),
(286, 45, 'Vel ipsa non maxime quam iusto ut quisquam. Quo quis voluptatem voluptatem. Ut enim quis et et earum consequatur soluta. Consequuntur nobis neque illum reprehenderit voluptas consequuntur.', 'Gertrude Mraz DVM', 2, '2019-04-23 21:39:57', '2019-04-23 21:39:57'),
(287, 29, 'Ut aut molestiae soluta a natus et autem. Ea ratione inventore sunt non et doloribus officia voluptatem. Eaque consequatur quo dolores quia consequatur ut corrupti. Facilis et placeat aut quia veniam.', 'Ms. Lenna Lehner I', 1, '2019-04-23 21:39:57', '2019-04-23 21:39:57'),
(288, 17, 'Molestias nesciunt deserunt qui. Error labore voluptatibus quia. Non assumenda aspernatur et cupiditate sed et doloremque. Cumque labore iste aspernatur asperiores adipisci accusamus.', 'Reginald Schmitt', 1, '2019-04-23 21:39:57', '2019-04-23 21:39:57'),
(289, 35, 'Iusto est rerum ea dignissimos sint at reprehenderit. Dolor et tempora quibusdam veritatis. Dolor dolorem aliquam quis dolorum laboriosam nihil.', 'Dr. Burnice Purdy DDS', 1, '2019-04-23 21:39:57', '2019-04-23 21:39:57'),
(290, 10, 'Ab voluptas numquam omnis quasi voluptatem rem sunt. Architecto dolor atque nemo sint quis animi minima. Et dolore quis rerum ex. Reiciendis et autem vitae impedit ut illum quia.', 'Verlie Wilkinson', 3, '2019-04-23 21:39:57', '2019-04-23 21:39:57'),
(291, 3, 'Reiciendis doloremque beatae aut non velit. Corrupti neque unde voluptatum fuga tenetur doloremque. Praesentium quis dolor magnam in. Dolore dolor amet cumque ipsa. Nihil fuga id nostrum quia.', 'Mrs. Eva Hudson Sr.', 3, '2019-04-23 21:39:57', '2019-04-23 21:39:57'),
(292, 39, 'Nemo praesentium corrupti voluptatem eaque. Suscipit adipisci occaecati qui sunt itaque doloribus. Veritatis ab dolor voluptas fugit iste dolorum voluptatem.', 'Estefania Reichert', 5, '2019-04-23 21:39:57', '2019-04-23 21:39:57'),
(293, 38, 'Sed illum voluptas natus impedit sit et. Facilis dolores repudiandae vero velit nesciunt rerum facilis. Molestiae nobis ut magnam praesentium maxime. Distinctio praesentium quia libero.', 'Bessie Witting', 0, '2019-04-23 21:39:57', '2019-04-23 21:39:57'),
(294, 9, 'Ea omnis alias quia dolorem facere commodi consequatur itaque. Expedita voluptas excepturi rem deserunt omnis vitae. Sed voluptates praesentium consequatur ducimus porro voluptatem.', 'Esmeralda Hickle', 2, '2019-04-23 21:39:57', '2019-04-23 21:39:57'),
(295, 18, 'Ut et rerum quae adipisci. Numquam ut libero doloremque sed distinctio est similique. Debitis aut nulla in animi architecto. Pariatur doloribus itaque vel dolores et nobis quo.', 'Armando Olson IV', 0, '2019-04-23 21:39:57', '2019-04-23 21:39:57'),
(296, 8, 'Asperiores eius velit numquam vel. Consectetur repellat magni recusandae minima. Nihil error temporibus dolores ea nihil.', 'Ms. Juanita Rice', 4, '2019-04-23 21:39:57', '2019-04-23 21:39:57'),
(297, 33, 'Illo quia distinctio cumque praesentium rem. Tenetur iusto quasi autem similique excepturi et. Voluptas ea laudantium aut quia magnam.', 'Kasey Cassin IV', 3, '2019-04-23 21:39:57', '2019-04-23 21:39:57'),
(298, 44, 'Animi dolorem ducimus odit sit vero libero. Eius aspernatur dolor omnis quasi est. Itaque quaerat consequatur praesentium odio.', 'Mr. Maxime Satterfield DVM', 1, '2019-04-23 21:39:58', '2019-04-23 21:39:58'),
(299, 2, 'Fugiat excepturi aspernatur nisi. Corporis est quia dolorum rerum non error dolor. Minima quia odit sequi sit voluptates eligendi.', 'Gavin Hilpert', 1, '2019-04-23 21:39:58', '2019-04-23 21:39:58'),
(300, 49, 'Rerum quidem molestiae sit aliquam doloribus. Alias id autem quibusdam ullam. Reprehenderit ipsa porro iusto provident harum dicta. Temporibus fuga molestiae quibusdam alias possimus esse.', 'Roxanne Heathcote', 4, '2019-04-23 21:39:58', '2019-04-23 21:39:58');

-- --------------------------------------------------------

--
-- Table structure for table `users`
--

CREATE TABLE `users` (
  `id` bigint(20) UNSIGNED NOT NULL,
  `name` varchar(191) COLLATE utf8mb4_unicode_ci NOT NULL,
  `email` varchar(191) COLLATE utf8mb4_unicode_ci NOT NULL,
  `email_verified_at` timestamp NULL DEFAULT NULL,
  `password` varchar(191) COLLATE utf8mb4_unicode_ci NOT NULL,
  `remember_token` varchar(100) COLLATE utf8mb4_unicode_ci DEFAULT NULL,
  `created_at` timestamp NULL DEFAULT NULL,
  `updated_at` timestamp NULL DEFAULT NULL
) ENGINE=InnoDB DEFAULT CHARSET=utf8mb4 COLLATE=utf8mb4_unicode_ci;

--
-- Indexes for dumped tables
--

--
-- Indexes for table `migrations`
--
ALTER TABLE `migrations`
  ADD PRIMARY KEY (`id`);

--
-- Indexes for table `password_resets`
--
ALTER TABLE `password_resets`
  ADD KEY `password_resets_email_index` (`email`);

--
-- Indexes for table `products`
--
ALTER TABLE `products`
  ADD PRIMARY KEY (`id`);

--
-- Indexes for table `reviews`
--
ALTER TABLE `reviews`
  ADD PRIMARY KEY (`id`),
  ADD KEY `reviews_product_id_foreign` (`product_id`);

--
-- Indexes for table `users`
--
ALTER TABLE `users`
  ADD PRIMARY KEY (`id`),
  ADD UNIQUE KEY `users_email_unique` (`email`);

--
-- AUTO_INCREMENT for dumped tables
--

--
-- AUTO_INCREMENT for table `migrations`
--
ALTER TABLE `migrations`
  MODIFY `id` int(10) UNSIGNED NOT NULL AUTO_INCREMENT, AUTO_INCREMENT=9;
--
-- AUTO_INCREMENT for table `products`
--
ALTER TABLE `products`
  MODIFY `id` int(10) UNSIGNED NOT NULL AUTO_INCREMENT, AUTO_INCREMENT=51;
--
-- AUTO_INCREMENT for table `reviews`
--
ALTER TABLE `reviews`
  MODIFY `id` int(10) UNSIGNED NOT NULL AUTO_INCREMENT, AUTO_INCREMENT=301;
--
-- AUTO_INCREMENT for table `users`
--
ALTER TABLE `users`
  MODIFY `id` bigint(20) UNSIGNED NOT NULL AUTO_INCREMENT;
--
-- Constraints for dumped tables
--

--
-- Constraints for table `reviews`
--
ALTER TABLE `reviews`
  ADD CONSTRAINT `reviews_product_id_foreign` FOREIGN KEY (`product_id`) REFERENCES `products` (`id`) ON DELETE CASCADE;

/*!40101 SET CHARACTER_SET_CLIENT=@OLD_CHARACTER_SET_CLIENT */;
/*!40101 SET CHARACTER_SET_RESULTS=@OLD_CHARACTER_SET_RESULTS */;
/*!40101 SET COLLATION_CONNECTION=@OLD_COLLATION_CONNECTION */;
